scrape_time_utc,river_level,measurement_time
2025-12-14T23:09:01.034653,0.79m,2025-12-14T20:45:00Z
2025-12-15T04:01:24.967320,0.71m,2025-12-15T03:15:00Z
2025-12-15T05:03:05.286404,0.70m,2025-12-15T04:15:00Z
2025-12-15T05:52:10.788378,0.69m,2025-12-15T05:15:00Z
2025-12-15T07:36:40.433964Z,0.69m,2025-12-15T06:45:00Z

2025-12-15T07:47:07.067914Z,0.68m,2025-12-15T07:15:00Z
2025-12-15T09:00:29.642222Z,0.68m,2025-12-15T08:15:00Z
2025-12-15T09:57:24.227796Z,0.68m,2025-12-15T09:15:00Z
2025-12-15T10:34:03.620727Z,0.68m,2025-12-15T09:45:00Z
2025-12-15T11:00:03.902703Z,0.67m,2025-12-15T10:15:00Z
2025-12-15T11:40:15.049001Z,0.67m,2025-12-15T11:15:00Z
2025-12-15T13:56:25.845270Z,0.67m,2025-12-15T13:15:00Z
2025-12-15T14:57:06.964071Z,0.66m,2025-12-15T14:15:00Z
2025-12-15T15:54:07.936404Z,0.66m,2025-12-15T15:15:00Z
2025-12-15T17:01:17.737074Z,0.66m,2025-12-15T16:15:00Z
2025-12-15T17:51:09.264111Z,0.66m,2025-12-15T17:15:00Z
2025-12-15T19:00:50.358598Z,0.65m,2025-12-15T18:15:00Z
2025-12-15T19:47:42.191729Z,0.65m,2025-12-15T19:15:00Z
2025-12-15T20:49:44.972490Z,0.65m,2025-12-15T19:45:00Z
2025-12-16T04:58:33.732855Z,0.57m,2025-12-16T04:15:00Z
2025-12-16T05:49:17.942828Z,0.55m,2025-12-16T05:15:00Z
2025-12-16T07:44:31.039048Z,0.53m,2025-12-16T07:15:00Z
2025-12-16T09:00:07.849408Z,0.53m,2025-12-16T08:15:00Z
2025-12-16T09:52:17.938593Z,0.53m,2025-12-16T09:15:00Z
2025-12-16T10:51:14.029786Z,0.53m,2025-12-16T10:00:00Z
2025-12-16T11:38:33.077654Z,0.53m,2025-12-16T11:15:00Z
2025-12-16T16:00:41.170213Z,0.53m,2025-12-16T15:15:00Z
2025-12-16T17:01:56.716004Z,0.53m,2025-12-16T16:00:00Z
2025-12-16T18:00:30.660822Z,0.53m,2025-12-16T17:15:00Z
2025-12-16T19:00:27.900537Z,0.53m,2025-12-16T18:15:00Z
2025-12-16T19:25:00.754882Z,0.52m,2025-12-16T18:45:00Z
2025-12-17T03:49:37.845566Z,0.52m,2025-12-17T03:15:00Z
2025-12-17T04:56:56.685231Z,0.52m,2025-12-17T04:15:00Z
2025-12-17T05:48:33.628846Z,0.53m,2025-12-17T05:15:00Z
2025-12-17T06:17:53.727542Z,0.53m,2025-12-17T05:45:00Z
2025-12-17T07:00:42.810467Z,0.54m,2025-12-17T06:15:00Z
2025-12-17T07:18:48.954709Z,0.55m,2025-12-17T06:45:00Z
2025-12-17T07:44:19.481550Z,0.55m,2025-12-17T07:15:00Z
2025-12-17T09:00:14.864434Z,0.56m,2025-12-17T08:15:00Z
2025-12-17T09:52:34.322586Z,0.57m,2025-12-17T09:15:00Z
2025-12-17T10:50:31.452017Z,0.58m,2025-12-17T10:15:00Z
2025-12-17T11:38:37.891539Z,0.59m,2025-12-17T11:15:00Z
2025-12-17T13:48:59.169518Z,0.58m,2025-12-17T13:00:00Z
2025-12-17T14:55:44.148734Z,0.58m,2025-12-17T14:15:00Z
2025-12-17T15:50:07.885823Z,0.59m,2025-12-17T15:15:00Z
2025-12-17T16:58:01.313831Z,0.60m,2025-12-17T16:15:00Z
2025-12-17T17:50:20.916717Z,0.60m,2025-12-17T17:15:00Z
2025-12-17T19:00:50.667755Z,0.59m,2025-12-17T18:00:00Z
2025-12-17T19:34:43.619039Z,0.58m,2025-12-17T18:45:00Z
2025-12-17T19:45:50.454691Z,0.58m,2025-12-17T19:15:00Z
2025-12-17T22:46:18.843558Z,0.62m,2025-12-17T21:45:00Z
2025-12-18T03:50:26.667855Z,0.59m,2025-12-18T03:15:00Z
2025-12-18T04:57:09.785260Z,0.59m,2025-12-18T04:15:00Z
2025-12-18T05:48:59.221437Z,0.60m,2025-12-18T05:15:00Z
2025-12-18T07:01:58.855485Z,0.62m,2025-12-18T06:15:00Z
2025-12-18T07:41:53.188260Z,0.60m,2025-12-18T07:15:00Z
2025-12-18T08:59:18.277321Z,0.59m,2025-12-18T08:15:00Z
2025-12-18T09:53:25.122503Z,0.58m,2025-12-18T09:15:00Z
2025-12-18T10:49:00.793940Z,0.57m,2025-12-18T10:15:00Z
2025-12-18T11:36:33.154117Z,0.56m,2025-12-18T10:45:00Z
2025-12-18T11:49:22.140776Z,0.56m,2025-12-18T11:15:00Z
2025-12-18T13:51:59.270816Z,0.58m,2025-12-18T13:15:00Z
2025-12-18T14:49:15.521993Z,0.56m,2025-12-18T14:15:00Z
2025-12-18T15:48:18.449090Z,0.56m,2025-12-18T15:15:00Z
2025-12-18T17:00:17.809790Z,0.56m,2025-12-18T16:15:00Z
2025-12-18T17:50:22.108592Z,0.59m,2025-12-18T17:15:00Z
2025-12-18T18:59:57.539325Z,0.75m,2025-12-18T18:15:00Z
2025-12-18T19:29:54.799336Z,0.79m,2025-12-18T18:45:00Z
2025-12-18T19:44:55.713274Z,0.81m,2025-12-18T19:15:00Z
2025-12-18T20:40:46.884007Z,0.84m,2025-12-18T19:45:00Z
2025-12-19T00:26:42.930633Z,0.66m,2025-12-18T23:45:00Z
2025-12-19T03:14:16.818314Z,0.62m,2025-12-19T02:45:00Z
2025-12-19T03:54:35.745458Z,0.62m,2025-12-19T03:15:00Z
2025-12-19T05:47:39.203301Z,0.68m,2025-12-19T05:15:00Z
2025-12-19T07:00:38.499135Z,0.70m,2025-12-19T06:15:00Z
2025-12-19T07:41:10.612743Z,0.78m,2025-12-19T07:15:00Z
2025-12-19T08:58:37.735988Z,0.80m,2025-12-19T08:00:00Z
2025-12-19T09:59:12.183312Z,0.78m,2025-12-19T09:15:00Z
2025-12-19T10:50:33.342866Z,0.83m,2025-12-19T10:15:00Z
2025-12-19T11:34:22.048415Z,0.84m,2025-12-19T10:45:00Z
2025-12-19T13:48:22.523375Z,0.88m,2025-12-19T13:15:00Z
2025-12-19T14:48:47.148377Z,0.85m,2025-12-19T14:15:00Z
2025-12-19T15:47:01.058919Z,0.83m,2025-12-19T15:15:00Z
2025-12-19T16:55:29.443795Z,0.81m,2025-12-19T16:15:00Z
2025-12-19T17:32:54.169019Z,0.80m,2025-12-19T16:45:00Z
2025-12-19T17:44:05.240019Z,0.79m,2025-12-19T17:15:00Z
2025-12-19T18:58:41.196517Z,0.80m,2025-12-19T18:00:00Z
2025-12-19T19:44:11.761206Z,0.81m,2025-12-19T19:15:00Z
2025-12-19T20:45:05.679243Z,0.81m,2025-12-19T20:15:00Z
2025-12-19T21:46:31.796587Z,0.79m,2025-12-19T21:15:00Z
2025-12-20T03:43:56.556819Z,0.73m,2025-12-20T03:15:00Z
2025-12-20T04:44:12.642946Z,0.73m,2025-12-20T04:15:00Z
2025-12-20T05:46:31.273177Z,0.72m,2025-12-20T05:15:00Z
2025-12-20T06:56:57.315913Z,0.72m,2025-12-20T06:00:00Z
2025-12-20T07:44:44.182502Z,0.71m,2025-12-20T07:15:00Z
2025-12-20T08:50:45.212001Z,0.71m,2025-12-20T08:15:00Z
2025-12-20T09:36:58.968078Z,0.71m,2025-12-20T08:45:00Z
2025-12-20T09:46:14.936516Z,0.71m,2025-12-20T09:15:00Z
2025-12-20T10:42:22.686024Z,0.71m,2025-12-20T10:15:00Z
2025-12-20T11:30:23.997705Z,0.71m,2025-12-20T10:45:00Z
2025-12-20T11:43:52.773690Z,0.71m,2025-12-20T11:00:00Z
2025-12-20T13:36:10.305439Z,0.71m,2025-12-20T12:45:00Z
2025-12-20T13:48:43.393806Z,0.70m,2025-12-20T13:15:00Z
2025-12-20T14:39:12.972783Z,0.70m,2025-12-20T14:15:00Z
2025-12-20T15:46:41.155211Z,0.70m,2025-12-20T15:15:00Z
2025-12-20T16:58:45.628380Z,0.70m,2025-12-20T16:00:00Z
2025-12-20T17:35:17.760540Z,0.70m,2025-12-20T16:45:00Z
2025-12-20T17:44:11.418995Z,0.69m,2025-12-20T17:15:00Z
2025-12-20T18:51:39.492608Z,0.70m,2025-12-20T18:15:00Z
2025-12-20T19:28:36.686022Z,0.70m,2025-12-20T18:45:00Z
2025-12-20T19:43:50.404990Z,0.70m,2025-12-20T19:15:00Z
2025-12-20T20:38:33.834210Z,0.70m,2025-12-20T20:15:00Z
2025-12-20T21:32:52.953247Z,0.70m,2025-12-20T20:45:00Z
2025-12-20T22:39:51.419908Z,0.70m,2025-12-20T21:45:00Z
2025-12-21T03:58:55.259721Z,0.69m,2025-12-21T03:15:00Z
2025-12-21T04:58:24.451792Z,0.69m,2025-12-21T04:15:00Z
2025-12-21T05:59:26.347292Z,0.69m,2025-12-21T05:15:00Z
2025-12-21T06:58:00.766255Z,0.69m,2025-12-21T06:15:00Z
2025-12-21T07:35:15.715915Z,0.69m,2025-12-21T06:45:00Z
2025-12-21T07:45:10.965466Z,0.69m,2025-12-21T07:15:00Z
2025-12-21T08:51:19.947136Z,0.69m,2025-12-21T08:15:00Z
2025-12-21T09:38:09.523701Z,0.69m,2025-12-21T09:15:00Z
2025-12-21T10:44:42.236347Z,0.69m,2025-12-21T10:15:00Z
2025-12-21T11:32:18.486909Z,0.69m,2025-12-21T10:45:00Z
2025-12-21T11:44:19.798373Z,0.69m,2025-12-21T11:15:00Z
2025-12-21T13:38:01.948499Z,0.69m,2025-12-21T13:15:00Z
2025-12-21T14:40:56.880090Z,0.69m,2025-12-21T14:15:00Z
2025-12-21T15:37:05.262174Z,0.69m,2025-12-21T14:45:00Z
2025-12-21T15:46:24.753146Z,0.69m,2025-12-21T15:15:00Z
2025-12-21T17:37:30.948399Z,0.69m,2025-12-21T17:15:00Z
2025-12-21T19:26:14.775983Z,0.69m,2025-12-21T18:45:00Z
2025-12-21T19:44:29.492281Z,0.69m,2025-12-21T19:15:00Z
2025-12-21T20:41:20.408059Z,0.69m,2025-12-21T19:45:00Z
2025-12-21T21:34:03.686300Z,0.69m,2025-12-21T20:30:00Z
2025-12-21T21:45:11.191183Z,0.69m,2025-12-21T21:15:00Z
2025-12-21T22:42:29.944283Z,0.69m,2025-12-21T21:45:00Z
2025-12-22T05:02:31.958807Z,0.69m,2025-12-22T04:15:00Z
2025-12-22T05:49:20.524450Z,0.69m,2025-12-22T05:15:00Z
2025-12-22T07:02:33.778558Z,0.69m,2025-12-22T06:15:00Z
2025-12-22T07:59:31.404334Z,0.69m,2025-12-22T07:15:00Z
2025-12-22T08:58:52.455094Z,0.70m,2025-12-22T08:15:00Z
2025-12-22T09:54:04.533992Z,0.71m,2025-12-22T09:15:00Z
2025-12-22T10:59:26.247496Z,0.73m,2025-12-22T10:15:00Z
2025-12-22T11:46:40.066901Z,0.74m,2025-12-22T11:15:00Z
2025-12-22T13:59:45.796131Z,0.73m,2025-12-22T13:15:00Z
2025-12-22T14:59:00.986793Z,0.72m,2025-12-22T14:15:00Z
2025-12-22T15:59:33.958184Z,0.71m,2025-12-22T15:15:00Z
2025-12-22T16:56:11.306947Z,0.70m,2025-12-22T16:15:00Z
2025-12-22T17:39:20.563153Z,0.70m,2025-12-22T17:15:00Z
2025-12-22T19:31:49.949160Z,0.70m,2025-12-22T18:45:00Z
2025-12-22T19:44:32.369871Z,0.70m,2025-12-22T19:15:00Z
2025-12-22T20:45:39.417828Z,0.69m,2025-12-22T20:15:00Z
2025-12-23T03:56:55.787414Z,0.69m,2025-12-23T03:15:00Z
2025-12-23T05:00:11.424708Z,0.69m,2025-12-23T04:15:00Z
2025-12-23T05:52:01.304538Z,0.68m,2025-12-23T05:15:00Z
2025-12-23T07:02:27.820123Z,0.68m,2025-12-23T06:15:00Z
2025-12-23T08:58:30.802294Z,0.68m,2025-12-23T08:00:00Z
2025-12-23T09:49:36.791027Z,0.68m,2025-12-23T09:15:00Z
2025-12-23T10:52:14.338563Z,0.68m,2025-12-23T10:15:00Z
2025-12-23T11:32:38.550076Z,0.68m,2025-12-23T10:45:00Z
2025-12-23T11:48:37.619978Z,0.68m,2025-12-23T11:15:00Z
2025-12-23T14:00:27.067695Z,0.68m,2025-12-23T13:15:00Z
2025-12-23T14:49:36.304932Z,0.68m,2025-12-23T14:15:00Z
2025-12-23T15:45:45.148725Z,0.68m,2025-12-23T15:15:00Z
2025-12-23T16:57:24.684760Z,0.68m,2025-12-23T16:15:00Z
2025-12-23T17:45:43.263738Z,0.68m,2025-12-23T17:15:00Z
2025-12-23T18:59:48.609540Z,0.68m,2025-12-23T18:15:00Z
2025-12-23T19:44:07.451566Z,0.68m,2025-12-23T19:15:00Z
2025-12-23T20:44:35.607478Z,0.68m,2025-12-23T20:15:00Z
2025-12-23T21:47:23.895301Z,0.68m,2025-12-23T21:15:00Z
2025-12-24T03:53:43.181850Z,0.68m,2025-12-24T03:15:00Z
2025-12-24T04:59:24.673856Z,0.68m,2025-12-24T04:15:00Z
2025-12-24T05:51:12.371987Z,0.68m,2025-12-24T05:15:00Z
2025-12-24T07:02:23.451395Z,0.67m,2025-12-24T06:15:00Z
2025-12-24T07:58:56.387953Z,0.68m,2025-12-24T07:15:00Z
2025-12-24T08:59:15.062633Z,0.68m,2025-12-24T08:15:00Z
2025-12-24T09:46:44.007196Z,0.68m,2025-12-24T09:15:00Z
2025-12-24T10:48:38.613651Z,0.68m,2025-12-24T10:15:00Z
2025-12-24T11:34:06.042790Z,0.68m,2025-12-24T10:45:00Z
2025-12-24T11:46:47.133997Z,0.68m,2025-12-24T11:15:00Z
2025-12-24T13:44:57.581584Z,0.68m,2025-12-24T13:15:00Z
2025-12-24T14:45:07.009975Z,0.68m,2025-12-24T14:15:00Z
2025-12-24T15:43:29.019637Z,0.68m,2025-12-24T15:15:00Z
2025-12-24T16:52:57.284999Z,0.68m,2025-12-24T16:15:00Z
2025-12-24T17:34:53.887429Z,0.68m,2025-12-24T16:45:00Z
2025-12-24T17:59:03.142643Z,0.68m,2025-12-24T17:15:00Z
2025-12-24T18:57:52.309211Z,0.68m,2025-12-24T18:15:00Z
2025-12-24T19:28:03.410445Z,0.68m,2025-12-24T18:45:00Z
2025-12-24T19:44:30.817341Z,0.68m,2025-12-24T19:15:00Z
2025-12-24T20:59:26.318558Z,0.68m,2025-12-24T20:15:00Z
2025-12-24T21:46:34.808987Z,0.68m,2025-12-24T21:00:00Z
2025-12-24T22:44:30.884125Z,0.68m,2025-12-24T22:15:00Z
2025-12-25T03:56:48.721899Z,0.68m,2025-12-25T03:15:00Z
2025-12-25T05:00:04.743048Z,0.68m,2025-12-25T04:15:00Z
2025-12-25T05:50:49.185172Z,0.68m,2025-12-25T05:15:00Z
2025-12-25T07:40:57.854408Z,0.68m,2025-12-25T07:15:00Z
2025-12-25T08:56:21.671811Z,0.68m,2025-12-25T08:15:00Z
2025-12-25T09:50:52.678621Z,0.68m,2025-12-25T09:15:00Z
2025-12-25T10:53:31.927762Z,0.67m,2025-12-25T10:15:00Z
2025-12-25T11:37:58.546236Z,0.67m,2025-12-25T11:15:00Z
2025-12-25T13:51:22.510479Z,0.67m,2025-12-25T13:15:00Z
2025-12-25T14:50:27.296779Z,0.67m,2025-12-25T14:15:00Z
2025-12-25T15:45:31.059592Z,0.67m,2025-12-25T15:15:00Z
2025-12-25T16:53:21.640067Z,0.68m,2025-12-25T16:15:00Z
2025-12-25T17:37:55.060402Z,0.67m,2025-12-25T17:15:00Z
2025-12-25T19:01:02.941432Z,0.67m,2025-12-25T18:15:00Z
2025-12-25T19:28:16.967594Z,0.67m,2025-12-25T18:45:00Z
2025-12-25T19:59:01.191642Z,0.67m,2025-12-25T19:15:00Z
2025-12-25T20:58:48.651261Z,0.67m,2025-12-25T19:30:00Z
2025-12-25T22:58:56.851964Z,0.67m,2025-12-25T21:45:00Z
2025-12-26T03:52:57.673452Z,0.67m,2025-12-26T03:15:00Z
2025-12-26T05:47:51.051054Z,0.67m,2025-12-26T05:00:00Z
2025-12-26T07:00:57.789351Z,0.67m,2025-12-26T06:15:00Z
2025-12-26T07:41:01.300051Z,0.67m,2025-12-26T07:15:00Z
2025-12-26T08:56:04.196475Z,0.67m,2025-12-26T08:15:00Z
2025-12-26T09:41:15.802808Z,0.67m,2025-12-26T09:15:00Z
2025-12-26T10:53:34.134118Z,0.67m,2025-12-26T10:15:00Z
2025-12-26T11:39:26.789267Z,0.67m,2025-12-26T11:15:00Z
2025-12-26T13:52:13.859277Z,0.67m,2025-12-26T13:15:00Z
2025-12-26T14:52:31.390559Z,0.67m,2025-12-26T14:15:00Z
2025-12-26T15:59:28.590957Z,0.67m,2025-12-26T15:00:00Z
2025-12-26T16:55:25.654821Z,0.67m,2025-12-26T16:15:00Z
2025-12-26T17:39:14.507076Z,0.67m,2025-12-26T17:15:00Z
2025-12-26T18:56:02.554296Z,0.67m,2025-12-26T18:15:00Z
2025-12-26T19:28:17.556326Z,0.67m,2025-12-26T18:45:00Z
2025-12-26T19:44:34.256009Z,0.67m,2025-12-26T19:15:00Z
2025-12-26T20:41:25.130866Z,0.67m,2025-12-26T20:00:00Z
2025-12-27T05:59:00.448746Z,0.66m,2025-12-27T05:15:00Z
2025-12-27T06:58:59.302637Z,0.67m,2025-12-27T06:15:00Z
2025-12-27T07:34:50.558112Z,0.67m,2025-12-27T06:45:00Z
2025-12-27T08:54:40.020904Z,0.67m,2025-12-27T08:00:00Z
2025-12-27T09:36:03.217389Z,0.66m,2025-12-27T08:45:00Z
2025-12-27T09:58:47.685941Z,0.66m,2025-12-27T09:15:00Z
2025-12-27T10:44:58.045405Z,0.67m,2025-12-27T10:15:00Z
2025-12-27T11:30:38.865817Z,0.66m,2025-12-27T10:45:00Z
2025-12-27T11:44:48.807205Z,0.67m,2025-12-27T11:15:00Z
2025-12-27T13:42:48.183074Z,0.66m,2025-12-27T13:00:00Z
2025-12-27T14:46:27.204034Z,0.67m,2025-12-27T14:15:00Z
2025-12-27T15:42:13.871447Z,0.66m,2025-12-27T15:15:00Z
2025-12-27T17:04:18.024957Z,0.67m,2025-12-27T16:15:00Z
2025-12-27T17:43:43.017509Z,0.67m,2025-12-27T17:00:00Z
2025-12-27T19:26:33.127133Z,0.66m,2025-12-27T18:45:00Z
2025-12-27T19:44:17.526696Z,0.66m,2025-12-27T19:15:00Z
2025-12-27T20:42:54.490030Z,0.66m,2025-12-27T20:15:00Z
2025-12-27T21:33:58.046995Z,0.67m,2025-12-27T20:45:00Z
2025-12-28T04:18:02.666503Z,0.67m,2025-12-28T03:45:00Z
2025-12-28T05:58:58.902057Z,0.66m,2025-12-28T05:15:00Z
2025-12-28T06:59:23.909884Z,0.66m,2025-12-28T06:15:00Z
2025-12-28T07:38:06.435984Z,0.67m,2025-12-28T07:15:00Z
2025-12-28T09:36:42.486933Z,0.67m,2025-12-28T08:45:00Z
2025-12-28T09:49:39.350888Z,0.67m,2025-12-28T09:15:00Z
2025-12-28T10:45:51.209794Z,0.66m,2025-12-28T10:15:00Z
2025-12-28T11:33:36.185479Z,0.66m,2025-12-28T10:45:00Z
2025-12-28T11:45:06.011869Z,0.67m,2025-12-28T11:15:00Z
2025-12-28T13:41:43.073002Z,0.66m,2025-12-28T13:15:00Z
2025-12-28T14:39:34.549326Z,0.67m,2025-12-28T14:15:00Z
2025-12-28T15:34:29.048830Z,0.66m,2025-12-28T14:45:00Z
2025-12-28T15:48:13.156165Z,0.67m,2025-12-28T15:15:00Z
2025-12-28T16:52:53.297008Z,0.67m,2025-12-28T16:15:00Z
2025-12-28T17:51:22.611522Z,0.66m,2025-12-28T17:15:00Z
2025-12-28T18:55:58.037055Z,0.67m,2025-12-28T18:15:00Z
2025-12-28T19:27:36.975789Z,0.67m,2025-12-28T18:45:00Z
2025-12-28T19:43:55.543168Z,0.67m,2025-12-28T19:15:00Z
2025-12-28T20:44:46.969320Z,0.67m,2025-12-28T20:15:00Z
2025-12-28T22:58:55.761766Z,0.67m,2025-12-28T22:15:00Z
2025-12-29T05:47:40.470872Z,0.66m,2025-12-29T05:15:00Z
2025-12-29T07:47:34.565751Z,0.66m,2025-12-29T07:15:00Z
2025-12-29T09:01:23.347616Z,0.66m,2025-12-29T08:15:00Z
2025-12-29T09:55:51.853036Z,0.66m,2025-12-29T09:15:00Z
2025-12-29T10:50:39.323958Z,0.66m,2025-12-29T10:15:00Z
2025-12-29T11:38:20.865218Z,0.65m,2025-12-29T11:15:00Z
2025-12-29T13:52:43.321170Z,0.63m,2025-12-29T13:15:00Z
2025-12-29T14:45:17.411872Z,0.61m,2025-12-29T14:15:00Z
2025-12-29T15:59:03.214161Z,0.60m,2025-12-29T15:15:00Z
2025-12-29T16:55:14.144799Z,0.58m,2025-12-29T16:15:00Z
2025-12-29T17:38:57.311466Z,0.56m,2025-12-29T17:15:00Z
2025-12-29T19:30:23.043864Z,0.53m,2025-12-29T18:45:00Z
2025-12-29T19:44:44.722808Z,0.52m,2025-12-29T19:15:00Z
2025-12-29T20:47:54.612041Z,0.50m,2025-12-29T20:15:00Z
2025-12-29T21:36:29.410409Z,0.51m,2025-12-29T20:45:00Z
2025-12-29T21:48:52.556273Z,0.51m,2025-12-29T21:15:00Z
2025-12-29T22:59:05.158648Z,0.50m,2025-12-29T21:45:00Z
2025-12-30T05:48:55.726844Z,0.50m,2025-12-30T05:15:00Z
2025-12-30T07:48:25.936659Z,0.50m,2025-12-30T07:15:00Z
2025-12-30T09:54:58.678595Z,0.50m,2025-12-30T09:00:00Z
2025-12-30T10:57:03.466167Z,0.51m,2025-12-30T10:15:00Z
2025-12-30T11:42:03.358041Z,0.50m,2025-12-30T11:15:00Z
2025-12-30T13:56:22.098611Z,0.51m,2025-12-30T13:15:00Z
2025-12-30T14:49:57.779368Z,0.51m,2025-12-30T14:15:00Z
2025-12-30T15:46:45.740806Z,0.51m,2025-12-30T15:15:00Z
2025-12-30T16:57:19.344039Z,0.50m,2025-12-30T16:15:00Z
2025-12-30T17:46:09.900047Z,0.50m,2025-12-30T17:15:00Z
2025-12-30T18:59:36.311724Z,0.50m,2025-12-30T18:15:00Z
2025-12-30T19:44:58.541276Z,0.51m,2025-12-30T19:00:00Z
2025-12-31T03:58:19.987761Z,0.50m,2025-12-31T03:15:00Z
2025-12-31T05:00:37.482973Z,0.51m,2025-12-31T04:15:00Z
2025-12-31T05:50:48.544021Z,0.50m,2025-12-31T05:15:00Z
2025-12-31T07:02:22.229746Z,0.51m,2025-12-31T06:15:00Z
2025-12-31T07:44:06.746311Z,0.51m,2025-12-31T07:15:00Z
2025-12-31T08:58:27.138583Z,0.51m,2025-12-31T08:15:00Z
2025-12-31T09:48:40.661057Z,0.51m,2025-12-31T09:15:00Z
2025-12-31T10:48:43.757462Z,0.51m,2025-12-31T10:15:00Z
2025-12-31T11:34:35.099086Z,0.51m,2025-12-31T10:45:00Z
2025-12-31T11:46:34.269443Z,0.51m,2025-12-31T11:15:00Z
2025-12-31T13:59:10.777974Z,0.51m,2025-12-31T13:15:00Z
2025-12-31T14:47:00.350050Z,0.51m,2025-12-31T14:15:00Z
2025-12-31T15:42:06.430263Z,0.51m,2025-12-31T15:15:00Z
2025-12-31T16:54:10.798098Z,0.51m,2025-12-31T16:15:00Z
2025-12-31T17:37:21.881832Z,0.51m,2025-12-31T17:15:00Z
2025-12-31T18:56:10.549433Z,0.51m,2025-12-31T18:15:00Z
2025-12-31T19:30:51.137980Z,0.51m,2025-12-31T18:45:00Z
2025-12-31T19:44:32.446364Z,0.51m,2025-12-31T19:15:00Z
2025-12-31T20:44:44.726070Z,0.50m,2025-12-31T19:45:00Z
2025-12-31T21:47:28.596022Z,0.51m,2025-12-31T21:15:00Z
2026-01-01T04:19:52.997836Z,0.51m,2026-01-01T03:45:00Z
2026-01-01T05:59:48.080192Z,0.51m,2026-01-01T05:15:00Z
2026-01-01T07:43:33.199093Z,0.51m,2026-01-01T07:15:00Z
2026-01-01T09:48:11.453093Z,0.50m,2026-01-01T09:15:00Z
2026-01-01T10:49:44.998346Z,0.50m,2026-01-01T10:15:00Z
2026-01-01T11:34:09.322638Z,0.50m,2026-01-01T10:45:00Z
2026-01-01T11:59:04.000369Z,0.50m,2026-01-01T11:15:00Z
2026-01-01T13:49:02.195750Z,0.50m,2026-01-01T13:15:00Z
2026-01-01T14:46:01.278408Z,0.50m,2026-01-01T14:15:00Z
2026-01-01T15:59:01.359214Z,0.50m,2026-01-01T15:15:00Z
2026-01-01T16:57:17.325154Z,0.50m,2026-01-01T16:15:00Z
2026-01-01T17:39:44.736655Z,0.50m,2026-01-01T17:15:00Z
2026-01-01T18:58:19.768579Z,0.50m,2026-01-01T18:15:00Z
2026-01-01T19:31:46.380848Z,0.50m,2026-01-01T18:45:00Z
2026-01-01T19:44:59.191874Z,0.50m,2026-01-01T19:15:00Z
2026-01-01T20:47:08.114375Z,0.50m,2026-01-01T20:15:00Z
2026-01-01T21:49:05.710890Z,0.50m,2026-01-01T20:45:00Z
2026-01-02T05:05:33.878604Z,0.50m,2026-01-02T04:15:00Z
2026-01-02T06:00:40.179106Z,0.50m,2026-01-02T05:15:00Z
2026-01-02T07:59:15.085094Z,0.50m,2026-01-02T07:15:00Z
2026-01-02T08:59:00.721563Z,0.50m,2026-01-02T08:15:00Z
2026-01-02T09:48:20.092088Z,0.50m,2026-01-02T09:15:00Z
2026-01-02T10:47:44.813341Z,0.50m,2026-01-02T10:15:00Z
2026-01-02T11:33:14.859674Z,0.50m,2026-01-02T10:45:00Z
2026-01-02T11:46:30.649038Z,0.50m,2026-01-02T11:00:00Z
2026-01-02T13:59:21.666864Z,0.50m,2026-01-02T13:15:00Z
2026-01-02T14:58:58.782930Z,0.50m,2026-01-02T14:15:00Z
2026-01-02T15:44:36.599073Z,0.50m,2026-01-02T15:15:00Z
2026-01-02T17:38:34.934367Z,0.51m,2026-01-02T17:15:00Z
2026-01-02T18:57:17.914412Z,0.50m,2026-01-02T18:15:00Z
2026-01-02T19:26:05.752740Z,0.50m,2026-01-02T18:45:00Z
2026-01-02T19:45:02.277150Z,0.50m,2026-01-02T19:15:00Z
2026-01-02T20:45:03.855248Z,0.50m,2026-01-02T20:15:00Z
2026-01-02T21:31:26.930583Z,0.50m,2026-01-02T20:45:00Z
2026-01-02T21:45:40.813523Z,0.50m,2026-01-02T21:00:00Z
2026-01-02T22:47:02.413268Z,0.50m,2026-01-02T22:15:00Z
2026-01-03T03:51:44.128196Z,0.50m,2026-01-03T03:15:00Z
2026-01-03T04:57:02.971021Z,0.50m,2026-01-03T04:15:00Z
2026-01-03T05:47:25.999380Z,0.50m,2026-01-03T05:15:00Z
2026-01-03T07:01:17.000531Z,0.50m,2026-01-03T06:15:00Z
2026-01-03T07:36:07.615065Z,0.50m,2026-01-03T06:45:00Z
2026-01-03T07:46:08.570589Z,0.50m,2026-01-03T07:15:00Z
2026-01-03T08:54:36.227744Z,0.50m,2026-01-03T08:15:00Z
2026-01-03T09:41:07.169996Z,0.50m,2026-01-03T09:15:00Z
2026-01-03T10:51:03.946655Z,0.50m,2026-01-03T10:15:00Z
2026-01-03T11:37:42.366313Z,0.50m,2026-01-03T11:15:00Z
2026-01-03T13:44:32.301601Z,0.50m,2026-01-03T13:15:00Z
2026-01-03T14:44:46.290321Z,0.50m,2026-01-03T14:15:00Z
2026-01-03T15:45:01.350373Z,0.50m,2026-01-03T15:15:00Z
2026-01-03T16:54:12.370326Z,0.50m,2026-01-03T16:15:00Z
2026-01-03T17:40:35.654599Z,0.51m,2026-01-03T17:15:00Z
2026-01-03T19:27:32.107972Z,0.50m,2026-01-03T18:45:00Z
2026-01-03T19:44:33.104236Z,0.50m,2026-01-03T19:15:00Z
2026-01-03T20:43:59.842507Z,0.50m,2026-01-03T20:15:00Z
2026-01-03T22:44:06.262970Z,0.50m,2026-01-03T22:15:00Z
2026-01-03T23:37:25.678342Z,0.50m,2026-01-03T22:45:00Z
2026-01-04T04:24:08.436501Z,0.50m,2026-01-04T03:45:00Z
2026-01-04T05:44:41.349831Z,0.50m,2026-01-04T05:15:00Z
2026-01-04T07:02:27.389506Z,0.50m,2026-01-04T06:15:00Z
2026-01-04T07:50:27.200484Z,0.50m,2026-01-04T07:15:00Z
2026-01-04T08:56:15.133105Z,0.50m,2026-01-04T08:15:00Z
2026-01-04T09:48:45.335841Z,0.50m,2026-01-04T09:15:00Z
2026-01-04T10:45:48.274098Z,0.50m,2026-01-04T10:15:00Z
2026-01-04T11:32:20.099668Z,0.50m,2026-01-04T10:45:00Z
2026-01-04T11:44:33.971130Z,0.50m,2026-01-04T11:15:00Z
2026-01-04T13:46:28.593355Z,0.50m,2026-01-04T13:15:00Z
2026-01-04T14:43:52.606883Z,0.50m,2026-01-04T14:15:00Z
2026-01-04T15:45:41.394113Z,0.50m,2026-01-04T15:15:00Z
2026-01-04T16:56:22.229235Z,0.50m,2026-01-04T16:15:00Z
2026-01-04T17:45:09.800160Z,0.50m,2026-01-04T17:15:00Z
2026-01-04T19:00:37.745392Z,0.50m,2026-01-04T18:15:00Z
2026-01-04T19:45:06.576244Z,0.50m,2026-01-04T19:15:00Z
2026-01-04T20:45:58.946671Z,0.50m,2026-01-04T20:15:00Z
2026-01-04T21:47:23.167581Z,0.50m,2026-01-04T21:15:00Z
2026-01-04T22:59:21.611817Z,0.50m,2026-01-04T21:45:00Z
2026-01-04T23:51:30.463789Z,0.50m,2026-01-04T22:45:00Z
2026-01-05T05:59:38.848563Z,0.50m,2026-01-05T05:15:00Z
2026-01-05T07:43:48.544395Z,0.50m,2026-01-05T07:15:00Z
2026-01-05T09:58:15.246700Z,0.50m,2026-01-05T09:00:00Z
2026-01-05T11:37:52.456299Z,0.50m,2026-01-05T11:15:00Z
2026-01-05T16:55:59.982827Z,0.51m,2026-01-05T16:15:00Z
2026-01-05T17:50:13.840498Z,0.51m,2026-01-05T17:15:00Z
2026-01-05T19:38:23.753535Z,0.51m,2026-01-05T19:15:00Z
2026-01-05T20:49:38.287798Z,0.52m,2026-01-05T20:15:00Z
2026-01-05T21:42:52.722413Z,0.50m,2026-01-05T20:45:00Z
2026-01-05T22:48:55.699833Z,0.50m,2026-01-05T21:45:00Z
2026-01-06T04:00:42.510824Z,0.50m,2026-01-06T03:15:00Z
2026-01-06T06:00:27.752160Z,0.50m,2026-01-06T05:15:00Z
2026-01-06T07:47:55.933514Z,0.50m,2026-01-06T07:00:00Z
2026-01-06T09:00:42.005442Z,0.50m,2026-01-06T08:15:00Z
2026-01-06T09:52:55.361416Z,0.50m,2026-01-06T09:15:00Z
2026-01-06T10:53:53.425626Z,0.50m,2026-01-06T10:15:00Z
2026-01-06T11:33:02.094587Z,0.50m,2026-01-06T10:45:00Z
2026-01-06T11:49:08.303192Z,0.50m,2026-01-06T11:15:00Z
2026-01-06T13:52:48.604409Z,0.50m,2026-01-06T13:15:00Z
2026-01-06T14:51:17.476679Z,0.50m,2026-01-06T14:15:00Z
2026-01-06T15:49:11.418280Z,0.51m,2026-01-06T15:15:00Z
2026-01-06T17:59:20.670533Z,0.52m,2026-01-06T17:15:00Z
2026-01-07T07:03:57.790747Z,0.50m,2026-01-07T06:15:00Z
2026-01-07T07:47:34.160386Z,0.50m,2026-01-07T07:15:00Z
2026-01-07T09:02:35.937108Z,0.50m,2026-01-07T08:15:00Z
2026-01-07T09:54:33.342486Z,0.50m,2026-01-07T09:15:00Z
2026-01-07T10:51:23.447119Z,0.50m,2026-01-07T09:45:00Z
2026-01-07T11:39:19.813523Z,0.50m,2026-01-07T10:45:00Z
2026-01-07T15:51:09.598530Z,0.50m,2026-01-07T14:15:00Z
2026-01-08T03:55:58.158410Z,0.51m,2026-01-08T03:15:00Z
2026-01-08T05:02:01.907549Z,0.50m,2026-01-08T04:15:00Z
2026-01-08T07:00:08.889104Z,0.50m,2026-01-08T06:00:00Z
2026-01-08T07:45:44.186292Z,0.50m,2026-01-08T07:15:00Z
2026-01-08T10:53:02.681933Z,0.50m,2026-01-08T10:15:00Z
2026-01-09T04:00:34.765269Z,0.50m,2026-01-09T03:15:00Z
2026-01-09T05:52:14.099060Z,0.50m,2026-01-09T05:15:00Z
2026-01-09T07:00:33.519134Z,0.50m,2026-01-09T06:15:00Z
2026-01-09T07:47:09.593382Z,0.50m,2026-01-09T07:15:00Z
2026-01-09T09:55:51.113800Z,0.50m,2026-01-09T09:15:00Z
2026-01-09T10:51:01.271288Z,0.50m,2026-01-09T10:00:00Z
2026-01-09T11:38:35.878131Z,0.50m,2026-01-09T11:15:00Z
2026-01-09T13:57:43.128106Z,0.51m,2026-01-09T13:15:00Z
2026-01-09T15:50:44.891658Z,0.43m,2026-01-09T15:15:00Z
2026-01-09T17:05:14.581879Z,0.43m,2026-01-09T16:15:00Z
2026-01-09T17:55:17.677113Z,0.43m,2026-01-09T17:15:00Z
2026-01-09T19:36:21.484402Z,0.43m,2026-01-09T18:45:00Z
2026-01-09T19:49:14.950903Z,0.43m,2026-01-09T19:15:00Z
2026-01-09T20:48:23.863451Z,0.43m,2026-01-09T20:15:00Z
2026-01-09T21:40:48.307697Z,0.43m,2026-01-09T21:15:00Z
2026-01-09T22:48:00.452321Z,0.43m,2026-01-09T22:15:00Z
2026-01-10T03:53:17.217991Z,0.43m,2026-01-10T03:15:00Z
2026-01-10T05:59:01.629614Z,0.43m,2026-01-10T05:15:00Z
2026-01-10T06:57:46.572233Z,0.43m,2026-01-10T06:15:00Z
2026-01-10T07:45:56.731759Z,0.43m,2026-01-10T07:15:00Z
2026-01-10T08:53:19.674214Z,0.43m,2026-01-10T08:15:00Z
2026-01-10T09:36:30.508949Z,0.43m,2026-01-10T08:45:00Z
2026-01-10T10:04:07.975321Z,0.43m,2026-01-10T09:15:00Z
2026-01-10T10:51:00.125450Z,0.43m,2026-01-10T10:15:00Z
2026-01-10T11:50:58.657269Z,0.43m,2026-01-10T11:15:00Z
2026-01-10T13:44:58.379934Z,0.43m,2026-01-10T13:15:00Z
2026-01-10T14:44:12.950321Z,0.43m,2026-01-10T14:15:00Z
2026-01-10T15:53:39.360584Z,0.43m,2026-01-10T15:15:00Z
2026-01-10T16:50:37.228717Z,0.43m,2026-01-10T16:15:00Z
2026-01-10T17:39:04.444113Z,0.43m,2026-01-10T17:15:00Z
2026-01-10T18:56:10.603054Z,0.43m,2026-01-10T18:15:00Z
2026-01-11T04:21:56.001819Z,0.49m,2026-01-11T03:45:00Z
2026-01-11T05:42:59.247355Z,0.50m,2026-01-11T05:15:00Z
2026-01-11T07:00:18.236498Z,0.50m,2026-01-11T06:15:00Z
2026-01-11T07:40:38.788674Z,0.49m,2026-01-11T07:15:00Z
2026-01-11T08:53:22.769127Z,0.49m,2026-01-11T08:15:00Z
2026-01-11T09:44:11.393491Z,0.49m,2026-01-11T09:15:00Z
2026-01-11T10:52:38.878663Z,0.50m,2026-01-11T10:15:00Z
2026-01-11T11:37:41.796626Z,0.51m,2026-01-11T11:15:00Z
2026-01-11T13:47:12.622638Z,0.54m,2026-01-11T13:15:00Z
2026-01-11T14:48:02.434555Z,0.54m,2026-01-11T14:15:00Z
2026-01-11T15:39:23.538975Z,0.53m,2026-01-11T15:15:00Z
2026-01-11T17:00:23.207221Z,0.55m,2026-01-11T16:15:00Z
2026-01-11T17:40:11.628671Z,0.57m,2026-01-11T16:30:00Z
2026-01-12T05:48:16.930341Z,1.40m,2026-01-12T05:15:00Z
2026-01-12T07:49:17.922802Z,1.11m,2026-01-12T07:15:00Z
2026-01-12T09:03:49.031849Z,1.01m,2026-01-12T08:15:00Z
2026-01-12T09:57:42.105883Z,0.96m,2026-01-12T09:15:00Z
2026-01-12T10:55:31.233430Z,0.93m,2026-01-12T10:15:00Z
2026-01-12T11:59:28.232613Z,0.91m,2026-01-12T11:15:00Z
2026-01-12T14:59:39.335042Z,0.81m,2026-01-12T14:15:00Z
2026-01-12T15:55:07.233530Z,0.80m,2026-01-12T14:45:00Z
2026-01-13T03:56:04.679141Z,0.51m,2026-01-13T03:15:00Z
2026-01-13T05:03:56.568384Z,0.51m,2026-01-13T03:45:00Z
2026-01-13T05:59:44.823815Z,0.51m,2026-01-13T05:00:00Z
2026-01-13T07:02:53.318432Z,0.51m,2026-01-13T05:45:00Z
2026-01-13T07:46:26.153065Z,0.50m,2026-01-13T07:15:00Z
2026-01-13T09:53:39.771252Z,0.49m,2026-01-13T09:15:00Z
2026-01-13T10:52:49.181803Z,0.50m,2026-01-13T10:15:00Z
2026-01-13T11:37:55.653953Z,0.50m,2026-01-13T11:15:00Z
2026-01-13T13:53:38.483313Z,0.48m,2026-01-13T13:15:00Z
2026-01-13T14:55:57.385317Z,0.48m,2026-01-13T14:15:00Z
2026-01-13T15:54:57.952448Z,0.48m,2026-01-13T15:15:00Z
2026-01-13T17:01:41.087249Z,0.48m,2026-01-13T16:15:00Z
2026-01-13T17:54:39.133747Z,0.47m,2026-01-13T17:15:00Z
2026-01-14T04:01:42.610465Z,0.46m,2026-01-14T03:15:00Z
2026-01-14T04:53:16.993992Z,0.46m,2026-01-14T04:15:00Z
2026-01-14T05:44:55.846536Z,0.46m,2026-01-14T05:15:00Z
2026-01-14T07:15:02.918521Z,0.45m,2026-01-14T06:45:00Z
2026-01-14T07:43:01.006861Z,0.45m,2026-01-14T07:15:00Z
2026-01-14T08:45:31.173846Z,0.45m,2026-01-14T08:15:00Z
2026-01-14T09:16:38.033093Z,0.46m,2026-01-14T08:30:00Z
2026-01-14T10:01:04.379409Z,0.45m,2026-01-14T09:15:00Z
2026-01-14T10:40:30.304803Z,0.46m,2026-01-14T10:15:00Z
2026-01-14T11:32:38.619298Z,0.46m,2026-01-14T10:45:00Z
2026-01-14T11:49:01.740807Z,0.45m,2026-01-14T11:15:00Z
2026-01-14T13:07:19.939006Z,0.46m,2026-01-14T12:45:00Z
2026-01-14T13:49:52.219990Z,0.41m,2026-01-14T13:15:00Z
2026-01-14T14:13:24.256399Z,0.39m,2026-01-14T13:30:00Z
2026-01-14T14:47:58.454444Z,0.37m,2026-01-14T14:15:00Z
2026-01-14T15:13:05.604206Z,0.45m,2026-01-14T14:45:00Z
2026-01-14T17:16:37.746957Z,0.46m,2026-01-14T16:45:00Z
2026-01-14T19:09:16.044939Z,0.47m,2026-01-14T17:30:00Z
2026-01-15T02:25:33.391217Z,0.53m,2026-01-15T00:45:00Z
2026-01-15T13:50:02.738598Z,0.55m,2026-01-15T13:15:00Z
2026-01-15T14:46:21.877553Z,0.54m,2026-01-15T14:15:00Z
2026-01-15T15:38:23.906305Z,0.52m,2026-01-15T14:45:00Z
2026-01-16T09:14:14.479504Z,0.44m,2026-01-16T08:45:00Z
2026-01-16T09:58:56.830286Z,0.44m,2026-01-16T09:15:00Z
2026-01-16T10:38:43.772475Z,0.44m,2026-01-16T10:15:00Z
2026-01-16T11:15:47.027580Z,0.44m,2026-01-16T10:45:00Z
2026-01-16T11:37:52.314630Z,0.44m,2026-01-16T11:00:00Z
2026-01-16T13:04:41.505852Z,0.44m,2026-01-16T12:15:00Z
2026-01-16T13:47:21.839485Z,0.44m,2026-01-16T13:15:00Z
2026-01-16T14:11:51.722309Z,0.44m,2026-01-16T13:45:00Z
2026-01-16T14:45:17.834660Z,0.44m,2026-01-16T14:15:00Z
2026-01-16T15:51:45.218638Z,0.44m,2026-01-16T15:15:00Z
2026-01-16T16:44:32.605689Z,0.44m,2026-01-16T16:15:00Z
2026-01-16T17:14:14.763698Z,0.44m,2026-01-16T16:45:00Z
2026-01-16T17:43:55.028926Z,0.44m,2026-01-16T17:15:00Z
2026-01-16T18:48:04.163506Z,0.44m,2026-01-16T18:15:00Z
2026-01-16T19:10:35.455732Z,0.44m,2026-01-16T18:45:00Z
2026-01-16T19:59:14.163023Z,0.44m,2026-01-16T19:15:00Z
2026-01-16T20:49:12.261580Z,0.44m,2026-01-16T20:00:00Z
2026-01-16T21:31:17.659763Z,0.44m,2026-01-16T20:45:00Z
2026-01-16T21:48:16.241013Z,0.44m,2026-01-16T21:15:00Z
2026-01-16T22:34:34.929927Z,0.44m,2026-01-16T21:45:00Z
2026-01-16T22:50:11.558663Z,0.44m,2026-01-16T22:15:00Z
2026-01-16T23:29:39.616525Z,0.44m,2026-01-16T22:45:00Z
2026-01-16T23:47:35.712234Z,0.44m,2026-01-16T23:15:00Z
2026-01-17T02:20:27.406069Z,0.44m,2026-01-17T01:45:00Z
2026-01-17T04:21:07.117605Z,0.44m,2026-01-17T03:45:00Z
2026-01-17T05:02:20.671039Z,0.44m,2026-01-17T04:15:00Z
2026-01-17T05:33:26.899397Z,0.44m,2026-01-17T04:45:00Z
2026-01-17T05:48:32.294832Z,0.44m,2026-01-17T05:15:00Z
2026-01-17T06:45:42.227364Z,0.44m,2026-01-17T06:15:00Z
2026-01-17T07:29:07.575825Z,0.44m,2026-01-17T06:45:00Z
2026-01-17T07:45:26.227643Z,0.44m,2026-01-17T07:15:00Z
2026-01-17T08:37:56.352352Z,0.44m,2026-01-17T08:15:00Z
2026-01-17T09:13:48.267131Z,0.44m,2026-01-17T08:45:00Z
2026-01-17T09:37:41.417860Z,0.44m,2026-01-17T09:15:00Z
2026-01-17T10:33:22.805200Z,0.44m,2026-01-17T09:45:00Z
2026-01-17T10:48:35.818098Z,0.44m,2026-01-17T10:15:00Z
2026-01-17T11:26:11.889888Z,0.44m,2026-01-17T10:45:00Z
2026-01-17T11:44:51.110971Z,0.45m,2026-01-17T11:15:00Z
2026-01-17T12:58:01.471123Z,0.45m,2026-01-17T12:15:00Z
2026-01-17T13:37:05.713437Z,0.45m,2026-01-17T12:45:00Z
2026-01-17T13:49:18.253105Z,0.45m,2026-01-17T13:15:00Z
2026-01-17T14:30:54.202187Z,0.45m,2026-01-17T13:45:00Z
2026-01-17T14:58:54.064792Z,0.45m,2026-01-17T14:15:00Z
2026-01-17T15:30:12.604991Z,0.45m,2026-01-17T14:45:00Z
2026-01-17T15:47:01.941234Z,0.45m,2026-01-17T15:15:00Z
2026-01-17T16:34:59.535895Z,0.45m,2026-01-17T15:45:00Z
2026-01-17T16:50:21.867182Z,0.45m,2026-01-17T16:15:00Z
2026-01-17T17:28:08.127801Z,0.45m,2026-01-17T16:45:00Z
2026-01-17T17:45:38.453480Z,0.45m,2026-01-17T17:15:00Z
2026-01-17T18:41:30.868997Z,0.45m,2026-01-17T17:45:00Z
2026-01-18T03:58:36.740157Z,0.44m,2026-01-18T03:15:00Z
2026-01-18T04:49:53.355351Z,0.44m,2026-01-18T04:15:00Z
2026-01-18T05:13:13.459690Z,0.44m,2026-01-18T04:45:00Z
2026-01-18T06:46:09.858921Z,0.44m,2026-01-18T06:15:00Z
2026-01-18T07:29:53.148392Z,0.44m,2026-01-18T06:45:00Z
2026-01-18T07:58:58.362859Z,0.44m,2026-01-18T07:15:00Z
2026-01-18T08:37:59.494463Z,0.44m,2026-01-18T08:15:00Z
2026-01-18T09:14:40.384952Z,0.44m,2026-01-18T08:45:00Z
2026-01-18T09:39:05.921694Z,0.44m,2026-01-18T09:15:00Z
2026-01-18T10:48:57.984404Z,0.44m,2026-01-18T10:15:00Z
2026-01-18T11:25:27.232958Z,0.44m,2026-01-18T10:45:00Z
2026-01-18T11:44:24.866690Z,0.44m,2026-01-18T11:15:00Z
2026-01-18T12:58:20.846034Z,0.44m,2026-01-18T12:15:00Z
2026-01-18T13:37:52.289843Z,0.44m,2026-01-18T13:15:00Z
2026-01-18T14:47:31.241582Z,0.44m,2026-01-18T14:15:00Z
2026-01-18T15:29:50.696669Z,0.44m,2026-01-18T14:45:00Z
2026-01-18T15:59:01.755143Z,0.44m,2026-01-18T15:15:00Z
2026-01-18T16:36:35.403565Z,0.44m,2026-01-18T15:45:00Z
2026-01-18T16:52:17.647572Z,0.44m,2026-01-18T16:15:00Z
2026-01-18T19:35:18.648219Z,0.44m,2026-01-18T18:30:00Z
2026-01-19T02:32:45.851036Z,0.45m,2026-01-19T01:45:00Z
2026-01-19T04:04:44.152471Z,0.45m,2026-01-19T03:15:00Z
2026-01-19T04:59:21.501375Z,0.45m,2026-01-19T04:15:00Z
2026-01-19T05:45:29.681585Z,0.46m,2026-01-19T05:15:00Z
2026-01-19T07:38:31.661414Z,0.46m,2026-01-19T07:00:00Z
2026-01-19T08:24:43.306479Z,0.46m,2026-01-19T07:45:00Z
2026-01-19T08:56:25.048676Z,0.46m,2026-01-19T08:15:00Z
2026-01-19T09:47:51.946624Z,0.46m,2026-01-19T09:15:00Z
2026-01-19T10:51:14.222264Z,0.46m,2026-01-19T10:15:00Z
2026-01-19T11:11:37.834915Z,0.46m,2026-01-19T10:45:00Z
2026-01-19T11:40:19.064260Z,0.46m,2026-01-19T11:15:00Z
2026-01-19T12:22:03.832856Z,0.46m,2026-01-19T11:45:00Z
2026-01-19T13:14:59.076005Z,0.45m,2026-01-19T12:45:00Z
2026-01-19T13:56:32.072368Z,0.45m,2026-01-19T13:00:00Z
2026-01-19T14:42:50.388456Z,0.45m,2026-01-19T14:15:00Z
2026-01-19T15:13:36.517895Z,0.45m,2026-01-19T14:45:00Z
2026-01-19T16:01:26.861478Z,0.45m,2026-01-19T15:15:00Z
2026-01-19T17:13:22.104070Z,0.45m,2026-01-19T16:45:00Z
2026-01-20T02:27:39.561519Z,0.43m,2026-01-20T01:45:00Z
2026-01-20T03:58:34.187497Z,0.43m,2026-01-20T03:15:00Z
2026-01-20T05:24:50.054617Z,0.44m,2026-01-20T04:45:00Z
2026-01-20T06:17:16.573147Z,0.43m,2026-01-20T05:45:00Z
2026-01-20T07:38:59.594724Z,0.44m,2026-01-20T07:15:00Z
2026-01-20T09:28:17.129913Z,0.45m,2026-01-20T08:45:00Z
2026-01-20T09:57:45.111736Z,0.46m,2026-01-20T09:15:00Z
2026-01-20T10:45:07.512220Z,0.48m,2026-01-20T10:15:00Z
2026-01-20T11:13:27.770765Z,0.48m,2026-01-20T10:45:00Z
2026-01-20T11:41:09.632124Z,0.48m,2026-01-20T11:15:00Z
2026-01-20T13:11:35.500601Z,0.48m,2026-01-20T12:45:00Z
2026-01-20T13:58:20.089789Z,0.48m,2026-01-20T13:15:00Z
2026-01-20T14:47:16.130299Z,0.48m,2026-01-20T14:15:00Z
2026-01-20T15:17:28.876271Z,0.47m,2026-01-20T14:45:00Z
2026-01-20T15:51:16.046744Z,0.47m,2026-01-20T15:15:00Z
2026-01-20T16:18:03.256217Z,0.47m,2026-01-20T15:45:00Z
2026-01-21T04:52:51.316500Z,0.50m,2026-01-21T04:15:00Z
2026-01-21T05:48:20.693015Z,0.54m,2026-01-21T05:15:00Z
2026-01-21T06:53:47.753960Z,0.55m,2026-01-21T06:15:00Z
2026-01-21T07:21:17.680281Z,0.55m,2026-01-21T06:45:00Z
2026-01-21T07:46:54.009994Z,0.55m,2026-01-21T07:15:00Z
2026-01-21T09:19:36.482033Z,0.59m,2026-01-21T08:45:00Z
2026-01-21T09:50:10.643579Z,0.58m,2026-01-21T09:15:00Z
2026-01-21T10:13:37.029657Z,0.57m,2026-01-21T09:45:00Z
2026-01-21T11:13:38.251721Z,0.55m,2026-01-21T10:45:00Z
2026-01-21T11:42:15.327065Z,0.54m,2026-01-21T11:15:00Z
2026-01-21T13:58:07.014915Z,0.51m,2026-01-21T13:15:00Z
2026-01-21T14:47:45.082592Z,0.50m,2026-01-21T14:15:00Z
2026-01-21T15:52:55.952742Z,0.49m,2026-01-21T15:15:00Z
2026-01-21T16:23:55.541343Z,0.49m,2026-01-21T15:45:00Z
2026-01-21T17:34:48.998968Z,0.48m,2026-01-21T16:45:00Z
2026-01-21T18:22:21.337004Z,0.48m,2026-01-21T17:45:00Z
2026-01-21T19:03:30.349594Z,0.49m,2026-01-21T18:15:00Z
2026-01-22T02:32:02.520642Z,0.58m,2026-01-22T01:45:00Z
2026-01-22T04:02:20.076546Z,0.57m,2026-01-22T03:15:00Z
2026-01-22T05:43:39.002663Z,0.58m,2026-01-22T05:15:00Z
2026-01-22T06:51:51.448275Z,0.64m,2026-01-22T06:15:00Z
2026-01-22T07:17:15.960824Z,0.71m,2026-01-22T06:45:00Z
2026-01-22T07:44:53.360129Z,0.77m,2026-01-22T07:15:00Z
2026-01-22T09:19:38.960168Z,0.90m,2026-01-22T08:45:00Z
2026-01-22T09:50:12.940192Z,0.93m,2026-01-22T09:15:00Z
2026-01-22T10:50:26.308516Z,0.96m,2026-01-22T10:15:00Z
2026-01-22T11:12:57.812407Z,0.95m,2026-01-22T10:45:00Z
2026-01-22T11:40:59.760613Z,0.93m,2026-01-22T11:15:00Z
2026-01-22T13:11:33.050608Z,0.92m,2026-01-22T12:45:00Z
2026-01-22T14:46:52.936611Z,0.89m,2026-01-22T14:15:00Z
2026-01-22T15:16:33.118585Z,0.89m,2026-01-22T14:45:00Z
2026-01-22T15:50:30.740226Z,0.99m,2026-01-22T15:15:00Z
2026-01-22T16:17:06.200495Z,1.06m,2026-01-22T15:45:00Z
2026-01-22T16:56:38.188787Z,1.03m,2026-01-22T16:15:00Z
2026-01-22T17:42:45.717373Z,0.91m,2026-01-22T17:15:00Z
2026-01-22T18:50:52.011568Z,0.81m,2026-01-22T18:15:00Z
2026-01-22T19:14:48.476736Z,0.76m,2026-01-22T18:45:00Z
2026-01-22T19:41:23.068573Z,0.71m,2026-01-22T19:15:00Z
2026-01-23T02:27:46.229951Z,0.58m,2026-01-23T01:45:00Z
2026-01-23T03:56:15.525774Z,0.56m,2026-01-23T03:15:00Z
2026-01-23T04:52:23.196308Z,0.55m,2026-01-23T04:15:00Z
2026-01-23T05:18:13.357857Z,0.54m,2026-01-23T04:45:00Z
2026-01-23T05:47:36.014316Z,0.53m,2026-01-23T05:15:00Z
2026-01-23T06:51:27.057867Z,0.52m,2026-01-23T06:15:00Z
2026-01-23T07:15:24.091052Z,0.53m,2026-01-23T06:45:00Z
2026-01-23T07:42:43.834580Z,0.52m,2026-01-23T07:15:00Z
2026-01-23T08:45:43.156703Z,0.52m,2026-01-23T08:15:00Z
2026-01-23T09:16:45.830005Z,0.51m,2026-01-23T08:45:00Z
2026-01-23T09:48:04.998420Z,0.51m,2026-01-23T09:15:00Z
2026-01-23T10:41:17.762036Z,0.52m,2026-01-23T10:15:00Z
2026-01-23T11:10:20.448932Z,0.52m,2026-01-23T10:45:00Z
2026-01-23T11:49:28.462245Z,0.52m,2026-01-23T11:15:00Z
2026-01-23T13:08:22.632177Z,0.52m,2026-01-23T12:45:00Z
2026-01-23T13:51:44.092437Z,0.52m,2026-01-23T13:15:00Z
2026-01-23T14:14:10.883601Z,0.52m,2026-01-23T13:45:00Z
2026-01-23T14:47:44.443813Z,0.52m,2026-01-23T14:15:00Z
2026-01-23T15:12:53.205331Z,0.52m,2026-01-23T14:45:00Z
2026-01-23T15:45:25.962972Z,0.52m,2026-01-23T15:15:00Z
2026-01-23T16:13:54.407083Z,0.52m,2026-01-23T15:45:00Z
2026-01-23T16:52:41.926470Z,0.52m,2026-01-23T16:15:00Z
2026-01-23T17:18:13.968515Z,0.52m,2026-01-23T16:45:00Z
2026-01-23T19:14:29.319712Z,0.52m,2026-01-23T18:45:00Z
2026-01-24T02:22:53.354825Z,0.58m,2026-01-24T01:45:00Z
2026-01-24T03:46:17.517487Z,0.57m,2026-01-24T03:15:00Z
2026-01-24T04:24:14.103205Z,0.57m,2026-01-24T03:45:00Z
2026-01-24T04:52:12.517104Z,0.58m,2026-01-24T04:15:00Z
2026-01-24T05:12:21.108198Z,0.58m,2026-01-24T04:45:00Z
2026-01-24T05:41:12.395384Z,0.58m,2026-01-24T05:15:00Z
2026-01-24T06:46:31.389886Z,0.57m,2026-01-24T06:15:00Z
2026-01-24T07:29:54.802747Z,0.56m,2026-01-24T06:30:00Z
2026-01-24T07:45:50.785406Z,0.56m,2026-01-24T07:15:00Z
2026-01-24T08:38:33.439135Z,0.56m,2026-01-24T08:15:00Z
2026-01-24T09:16:41.472542Z,0.55m,2026-01-24T08:45:00Z
2026-01-24T09:38:05.871301Z,0.54m,2026-01-24T09:15:00Z
2026-01-24T10:34:45.803662Z,0.54m,2026-01-24T09:45:00Z
2026-01-24T10:49:44.566781Z,0.53m,2026-01-24T10:15:00Z
2026-01-24T11:26:34.530609Z,0.53m,2026-01-24T10:45:00Z
2026-01-24T11:45:33.875092Z,0.52m,2026-01-24T11:15:00Z
2026-01-24T12:59:39.950860Z,0.51m,2026-01-24T12:15:00Z
2026-01-24T13:39:41.100674Z,0.51m,2026-01-24T13:15:00Z
2026-01-24T14:09:47.287789Z,0.51m,2026-01-24T13:45:00Z
2026-01-24T14:48:58.272483Z,0.51m,2026-01-24T14:15:00Z
2026-01-24T15:30:37.747090Z,0.51m,2026-01-24T14:45:00Z
2026-01-24T15:47:17.106283Z,0.51m,2026-01-24T15:15:00Z
2026-01-24T16:37:15.239028Z,0.50m,2026-01-24T16:15:00Z
2026-01-24T17:10:15.482049Z,0.50m,2026-01-24T16:30:00Z
2026-01-24T17:46:47.996240Z,0.50m,2026-01-24T17:15:00Z
2026-01-24T19:01:07.887770Z,0.50m,2026-01-24T18:15:00Z
2026-01-24T19:25:55.012685Z,0.50m,2026-01-24T18:45:00Z
2026-01-24T19:43:50.428092Z,0.50m,2026-01-24T19:15:00Z
2026-01-24T20:32:36.229007Z,0.50m,2026-01-24T19:45:00Z
2026-01-24T20:48:23.818469Z,0.50m,2026-01-24T20:15:00Z
2026-01-24T21:45:48.844681Z,0.49m,2026-01-24T21:15:00Z
2026-01-25T02:40:03.217288Z,0.47m,2026-01-25T02:15:00Z
2026-01-25T04:07:06.132756Z,0.47m,2026-01-25T03:15:00Z
2026-01-25T05:39:39.578816Z,0.48m,2026-01-25T05:15:00Z
2026-01-25T06:47:47.901755Z,0.49m,2026-01-25T06:15:00Z
2026-01-25T07:11:19.798645Z,0.49m,2026-01-25T06:45:00Z
2026-01-25T07:49:18.941973Z,0.50m,2026-01-25T07:15:00Z
2026-01-25T08:39:07.709927Z,0.50m,2026-01-25T08:15:00Z
2026-01-25T09:33:02.765633Z,0.50m,2026-01-25T08:45:00Z
2026-01-25T09:48:29.560250Z,0.50m,2026-01-25T09:15:00Z
2026-01-25T10:35:18.507126Z,0.50m,2026-01-25T09:45:00Z
2026-01-25T10:50:50.623144Z,0.50m,2026-01-25T10:15:00Z
2026-01-25T11:45:34.326489Z,0.50m,2026-01-25T11:15:00Z
2026-01-25T13:01:52.499406Z,0.50m,2026-01-25T12:15:00Z
2026-01-25T13:41:00.230010Z,0.50m,2026-01-25T13:15:00Z
2026-01-25T14:59:06.663395Z,0.50m,2026-01-25T14:15:00Z
2026-01-25T15:31:05.993003Z,0.50m,2026-01-25T14:45:00Z
2026-01-25T15:59:21.011847Z,0.50m,2026-01-25T15:15:00Z
2026-01-25T16:38:11.895686Z,0.49m,2026-01-25T16:15:00Z
2026-01-25T17:14:02.371968Z,0.49m,2026-01-25T16:45:00Z
2026-01-25T17:38:48.545115Z,0.48m,2026-01-25T17:15:00Z
2026-01-25T18:44:29.020362Z,0.48m,2026-01-25T17:45:00Z
2026-01-26T02:38:53.699121Z,0.46m,2026-01-26T02:15:00Z
2026-01-26T04:09:46.219977Z,0.45m,2026-01-26T03:15:00Z
2026-01-26T05:45:24.468543Z,0.46m,2026-01-26T05:15:00Z
2026-01-26T06:18:46.871032Z,0.46m,2026-01-26T05:45:00Z
2026-01-26T07:38:06.653882Z,0.46m,2026-01-26T07:15:00Z
2026-01-26T08:19:45.695130Z,0.46m,2026-01-26T07:45:00Z
2026-01-26T08:53:19.333146Z,0.46m,2026-01-26T08:15:00Z
2026-01-26T09:25:29.021340Z,0.46m,2026-01-26T08:45:00Z
2026-01-26T09:58:48.800279Z,0.46m,2026-01-26T09:00:00Z
2026-01-26T11:11:17.592296Z,0.46m,2026-01-26T10:45:00Z
2026-01-26T11:38:37.243082Z,0.45m,2026-01-26T11:15:00Z
2026-01-26T13:09:33.701322Z,0.45m,2026-01-26T12:45:00Z
2026-01-26T13:53:16.644627Z,0.45m,2026-01-26T13:15:00Z
2026-01-26T14:20:09.641298Z,0.45m,2026-01-26T13:45:00Z
2026-01-26T14:51:04.243077Z,0.45m,2026-01-26T14:15:00Z
2026-01-26T15:16:20.219134Z,0.45m,2026-01-26T14:45:00Z
2026-01-26T15:48:17.397994Z,0.45m,2026-01-26T15:15:00Z
2026-01-26T16:16:22.647779Z,0.45m,2026-01-26T15:45:00Z
2026-01-26T17:42:33.250786Z,0.44m,2026-01-26T17:15:00Z
2026-01-26T18:52:46.657510Z,0.45m,2026-01-26T18:15:00Z
2026-01-26T19:16:25.882671Z,0.44m,2026-01-26T18:45:00Z
2026-01-26T20:56:36.957364Z,0.44m,2026-01-26T20:15:00Z
2026-01-27T02:33:40.202331Z,0.43m,2026-01-27T01:45:00Z
2026-01-27T04:00:43.861986Z,0.44m,2026-01-27T03:15:00Z
2026-01-27T04:55:01.392712Z,0.44m,2026-01-27T04:15:00Z
2026-01-27T05:22:59.054130Z,0.44m,2026-01-27T04:45:00Z
2026-01-27T05:48:11.610932Z,0.44m,2026-01-27T05:15:00Z
2026-01-27T06:52:44.244463Z,0.44m,2026-01-27T06:15:00Z
2026-01-27T07:19:21.930016Z,0.44m,2026-01-27T06:45:00Z
2026-01-27T07:45:17.949687Z,0.44m,2026-01-27T07:15:00Z
2026-01-27T08:48:47.269956Z,0.45m,2026-01-27T08:15:00Z
2026-01-27T09:19:21.737631Z,0.45m,2026-01-27T08:45:00Z
2026-01-27T09:50:54.452446Z,0.45m,2026-01-27T09:15:00Z
2026-01-27T10:13:58.263264Z,0.45m,2026-01-27T09:45:00Z
2026-01-27T11:13:03.298851Z,0.46m,2026-01-27T10:45:00Z
2026-01-27T11:41:14.404926Z,0.46m,2026-01-27T11:15:00Z
2026-01-27T13:12:07.200332Z,0.53m,2026-01-27T12:45:00Z
2026-01-27T13:59:26.934708Z,0.54m,2026-01-27T13:15:00Z
2026-01-27T14:48:02.346935Z,0.58m,2026-01-27T14:15:00Z
2026-01-27T16:14:22.640915Z,0.57m,2026-01-27T15:45:00Z
2026-01-27T16:53:15.102448Z,0.58m,2026-01-27T16:15:00Z
2026-01-27T17:20:34.979505Z,0.59m,2026-01-27T16:45:00Z
2026-01-27T17:49:42.097233Z,0.61m,2026-01-27T17:15:00Z
2026-01-27T18:18:52.359998Z,0.61m,2026-01-27T17:45:00Z
2026-01-27T19:52:54.485963Z,0.64m,2026-01-27T19:15:00Z
2026-01-27T20:43:04.639010Z,0.63m,2026-01-27T20:15:00Z
2026-01-28T03:09:17.856789Z,0.57m,2026-01-28T02:45:00Z
2026-01-28T04:13:54.496207Z,0.59m,2026-01-28T03:45:00Z
2026-01-28T05:41:03.353829Z,0.58m,2026-01-28T05:15:00Z
2026-01-28T06:52:58.129520Z,0.57m,2026-01-28T06:15:00Z
2026-01-28T07:18:11.574039Z,0.57m,2026-01-28T06:45:00Z
2026-01-28T07:59:07.322360Z,0.56m,2026-01-28T07:15:00Z
2026-01-28T08:48:46.886102Z,0.55m,2026-01-28T08:15:00Z
2026-01-28T09:20:57.385618Z,0.55m,2026-01-28T08:45:00Z
2026-01-28T10:15:21.169119Z,0.53m,2026-01-28T09:45:00Z
2026-01-28T10:51:15.919299Z,0.52m,2026-01-28T10:15:00Z
2026-01-28T11:13:16.249188Z,0.51m,2026-01-28T10:45:00Z
2026-01-28T11:40:57.164780Z,0.51m,2026-01-28T11:15:00Z
2026-01-28T13:12:17.675560Z,0.50m,2026-01-28T12:45:00Z
2026-01-28T13:59:31.579939Z,0.50m,2026-01-28T13:15:00Z
2026-01-28T14:47:29.694440Z,0.50m,2026-01-28T14:15:00Z
2026-01-28T15:18:09.234190Z,0.49m,2026-01-28T14:45:00Z
2026-01-28T15:54:16.732830Z,0.49m,2026-01-28T15:15:00Z
2026-01-28T16:28:08.863269Z,0.49m,2026-01-28T15:45:00Z
2026-01-28T17:08:07.326742Z,0.49m,2026-01-28T16:30:00Z
2026-01-28T17:48:47.738805Z,0.48m,2026-01-28T17:15:00Z
2026-01-28T18:56:39.342795Z,0.48m,2026-01-28T18:15:00Z
2026-01-28T19:56:22.730834Z,0.47m,2026-01-28T19:15:00Z
2026-01-28T20:47:21.815028Z,0.47m,2026-01-28T20:15:00Z
2026-01-28T21:16:45.875378Z,0.47m,2026-01-28T20:45:00Z
2026-01-28T21:49:10.680060Z,0.47m,2026-01-28T21:15:00Z
2026-01-29T02:48:15.787788Z,0.45m,2026-01-29T02:15:00Z
2026-01-29T05:15:39.108148Z,0.45m,2026-01-29T04:45:00Z
2026-01-29T06:02:48.296630Z,0.45m,2026-01-29T05:15:00Z
2026-01-29T07:03:31.248799Z,0.45m,2026-01-29T06:00:00Z
2026-01-29T07:50:56.887090Z,0.45m,2026-01-29T07:00:00Z
2026-01-29T08:22:54.854553Z,0.45m,2026-01-29T07:45:00Z
2026-01-29T09:03:56.080587Z,0.45m,2026-01-29T08:15:00Z
2026-01-29T09:56:52.308806Z,0.45m,2026-01-29T09:15:00Z
2026-01-29T10:54:11.973715Z,0.45m,2026-01-29T10:15:00Z
2026-01-29T11:25:52.626872Z,0.45m,2026-01-29T10:45:00Z
2026-01-29T11:57:01.346747Z,0.45m,2026-01-29T11:15:00Z
2026-01-29T13:21:13.269334Z,0.45m,2026-01-29T12:45:00Z
2026-01-29T14:08:05.547478Z,0.46m,2026-01-29T13:45:00Z
2026-01-29T14:56:38.619455Z,0.46m,2026-01-29T14:15:00Z
2026-01-29T17:20:18.750974Z,0.46m,2026-01-29T16:15:00Z
2026-01-29T17:57:24.994103Z,0.46m,2026-01-29T17:15:00Z
2026-01-29T19:02:05.883490Z,0.46m,2026-01-29T17:45:00Z
2026-01-30T02:49:21.965640Z,0.45m,2026-01-30T02:15:00Z
2026-01-30T04:24:27.008871Z,0.44m,2026-01-30T03:45:00Z
2026-01-30T05:30:03.451165Z,0.44m,2026-01-30T04:45:00Z
2026-01-30T06:27:13.014754Z,0.44m,2026-01-30T05:45:00Z
2026-01-30T07:27:10.041879Z,0.44m,2026-01-30T06:45:00Z
2026-01-30T08:03:00.805250Z,0.44m,2026-01-30T07:15:00Z
2026-01-30T08:55:12.671967Z,0.44m,2026-01-30T08:15:00Z
2026-01-30T10:04:31.320307Z,0.44m,2026-01-30T09:15:00Z
2026-01-30T10:51:41.204672Z,0.43m,2026-01-30T10:00:00Z
2026-01-30T11:18:13.449073Z,0.44m,2026-01-30T10:45:00Z
2026-01-30T11:45:37.248314Z,0.44m,2026-01-30T11:15:00Z
2026-01-30T12:23:23.981087Z,0.43m,2026-01-30T11:45:00Z
2026-01-30T13:33:41.920659Z,0.44m,2026-01-30T12:45:00Z
2026-01-30T14:09:05.158321Z,0.44m,2026-01-30T13:45:00Z
2026-01-30T14:53:54.512766Z,0.44m,2026-01-30T14:15:00Z
2026-01-30T15:26:19.399129Z,0.44m,2026-01-30T14:45:00Z
2026-01-30T16:03:29.082818Z,0.44m,2026-01-30T15:00:00Z
2026-01-30T16:56:10.167597Z,0.44m,2026-01-30T16:15:00Z
2026-01-30T17:48:58.223453Z,0.44m,2026-01-30T17:15:00Z
2026-01-30T18:23:03.314779Z,0.44m,2026-01-30T17:45:00Z
2026-01-30T19:06:21.453357Z,0.44m,2026-01-30T18:15:00Z
2026-01-30T19:42:37.779567Z,0.44m,2026-01-30T19:15:00Z
2026-01-31T02:44:34.618663Z,0.44m,2026-01-31T02:15:00Z
2026-01-31T04:20:08.481341Z,0.44m,2026-01-31T03:45:00Z
2026-01-31T05:11:30.237489Z,0.44m,2026-01-31T04:45:00Z
2026-01-31T06:55:36.926256Z,0.45m,2026-01-31T06:15:00Z
2026-01-31T07:38:35.636350Z,0.45m,2026-01-31T07:15:00Z
2026-01-31T08:22:42.625970Z,0.45m,2026-01-31T07:45:00Z
2026-01-31T09:47:02.776304Z,0.45m,2026-01-31T09:15:00Z
2026-01-31T10:39:23.081371Z,0.45m,2026-01-31T10:15:00Z
2026-01-31T11:32:12.950474Z,0.46m,2026-01-31T10:45:00Z
2026-01-31T11:49:30.567039Z,0.45m,2026-01-31T11:15:00Z
2026-01-31T13:08:31.493009Z,0.45m,2026-01-31T12:45:00Z
2026-01-31T13:49:35.332780Z,0.45m,2026-01-31T13:00:00Z
2026-01-31T14:11:49.073156Z,0.46m,2026-01-31T13:45:00Z
2026-01-31T14:46:18.038259Z,0.46m,2026-01-31T14:15:00Z
2026-01-31T15:35:27.824325Z,0.46m,2026-01-31T14:45:00Z
2026-01-31T15:51:37.432141Z,0.46m,2026-01-31T15:15:00Z
2026-01-31T17:12:54.242394Z,0.46m,2026-01-31T16:45:00Z
2026-01-31T17:44:30.946588Z,0.46m,2026-01-31T17:15:00Z
2026-01-31T19:10:44.629321Z,0.47m,2026-01-31T18:45:00Z
2026-01-31T19:38:12.366052Z,0.47m,2026-01-31T19:15:00Z
2026-01-31T20:37:29.726073Z,0.47m,2026-01-31T20:15:00Z
2026-01-31T21:14:43.467563Z,0.47m,2026-01-31T20:45:00Z
2026-01-31T21:41:03.195149Z,0.47m,2026-01-31T21:15:00Z
2026-01-31T22:54:48.570482Z,0.47m,2026-01-31T22:15:00Z
2026-02-01T03:26:59.971856Z,0.48m,2026-02-01T02:45:00Z
2026-02-01T05:14:35.900338Z,0.48m,2026-02-01T04:45:00Z
2026-02-01T06:10:44.439013Z,0.48m,2026-02-01T05:45:00Z
2026-02-01T07:47:57.182930Z,0.48m,2026-02-01T07:15:00Z
2026-02-01T08:16:20.181882Z,0.48m,2026-02-01T07:45:00Z
2026-02-01T09:18:44.745219Z,0.47m,2026-02-01T08:45:00Z
2026-02-01T09:49:18.484450Z,0.47m,2026-02-01T09:15:00Z
2026-02-01T10:43:01.042283Z,0.47m,2026-02-01T10:15:00Z
2026-02-01T11:10:45.084865Z,0.47m,2026-02-01T10:45:00Z
2026-02-01T11:40:20.210708Z,0.46m,2026-02-01T11:15:00Z
2026-02-01T13:11:04.177073Z,0.46m,2026-02-01T12:45:00Z
2026-02-01T13:55:45.360130Z,0.46m,2026-02-01T13:00:00Z
2026-02-01T14:39:50.751552Z,0.46m,2026-02-01T14:15:00Z
2026-02-01T15:53:59.936692Z,0.46m,2026-02-01T15:15:00Z
2026-02-01T16:51:45.671314Z,0.46m,2026-02-01T16:15:00Z
2026-02-01T17:14:18.969857Z,0.46m,2026-02-01T16:45:00Z
2026-02-01T19:15:36.236165Z,0.46m,2026-02-01T18:45:00Z
2026-02-01T19:41:10.719275Z,0.46m,2026-02-01T19:15:00Z
2026-02-02T01:47:17.775636Z,0.46m,2026-02-02T01:15:00Z
2026-02-02T04:10:00.920960Z,0.46m,2026-02-02T03:30:00Z
2026-02-02T05:40:42.482432Z,0.45m,2026-02-02T05:15:00Z
2026-02-02T06:45:36.493944Z,0.45m,2026-02-02T06:00:00Z
2026-02-02T08:26:57.810742Z,0.45m,2026-02-02T07:45:00Z
2026-02-02T09:28:16.120903Z,0.45m,2026-02-02T08:45:00Z
2026-02-02T10:26:35.918660Z,0.44m,2026-02-02T09:45:00Z
2026-02-02T11:54:06.278695Z,0.45m,2026-02-02T11:00:00Z
2026-02-02T12:40:22.935433Z,0.45m,2026-02-02T12:00:00Z
2026-02-02T13:52:01.768879Z,0.45m,2026-02-02T13:15:00Z
2026-02-02T14:31:43.750158Z,0.45m,2026-02-02T13:45:00Z
2026-02-02T15:23:44.049302Z,0.47m,2026-02-02T14:45:00Z
2026-02-02T15:56:06.674862Z,0.48m,2026-02-02T15:15:00Z
2026-02-02T16:58:23.355839Z,0.50m,2026-02-02T16:15:00Z
2026-02-02T17:53:57.547539Z,0.51m,2026-02-02T17:15:00Z
2026-02-02T18:32:24.039245Z,0.52m,2026-02-02T17:45:00Z
2026-02-02T23:15:13.300346Z,0.48m,2026-02-02T22:00:00Z
2026-02-03T03:40:58.064625Z,0.47m,2026-02-03T03:15:00Z
2026-02-03T05:08:58.934427Z,0.46m,2026-02-03T04:45:00Z
2026-02-03T07:06:48.999791Z,0.45m,2026-02-03T06:15:00Z
2026-02-03T08:23:27.916257Z,0.45m,2026-02-03T07:45:00Z
2026-02-03T09:03:26.667922Z,0.45m,2026-02-03T08:15:00Z
2026-02-03T12:26:20.783056Z,0.45m,2026-02-03T11:45:00Z
2026-02-03T13:47:00.873699Z,0.44m,2026-02-03T13:15:00Z
2026-02-03T16:31:04.572221Z,0.45m,2026-02-03T15:45:00Z
2026-02-03T18:31:54.266173Z,0.44m,2026-02-03T17:45:00Z
2026-02-03T19:31:18.787124Z,0.44m,2026-02-03T18:45:00Z
2026-02-04T00:51:52.925250Z,0.44m,2026-02-04T00:15:00Z
2026-02-04T04:53:58.043649Z,0.44m,2026-02-04T04:15:00Z
2026-02-04T06:33:44.998180Z,0.43m,2026-02-04T05:45:00Z
2026-02-04T07:30:34.471012Z,0.43m,2026-02-04T06:45:00Z
2026-02-04T08:05:02.592797Z,0.43m,2026-02-04T07:15:00Z
2026-02-04T08:57:46.340482Z,0.43m,2026-02-04T08:15:00Z
2026-02-04T09:59:28.129138Z,0.43m,2026-02-04T09:15:00Z
2026-02-04T10:57:07.136262Z,0.43m,2026-02-04T10:15:00Z
2026-02-04T12:27:04.576558Z,0.43m,2026-02-04T11:45:00Z
2026-02-04T14:33:11.753639Z,0.44m,2026-02-04T13:45:00Z
2026-02-04T16:06:25.254636Z,0.43m,2026-02-04T15:15:00Z
2026-02-04T17:59:10.106390Z,0.43m,2026-02-04T17:15:00Z
2026-02-05T03:39:47.870681Z,0.43m,2026-02-05T03:15:00Z
2026-02-05T06:09:10.827972Z,0.45m,2026-02-05T05:45:00Z
2026-02-05T07:15:17.075459Z,0.45m,2026-02-05T06:45:00Z
2026-02-05T08:00:44.292445Z,0.45m,2026-02-05T07:15:00Z
2026-02-05T09:59:00.979055Z,0.45m,2026-02-05T09:15:00Z
2026-02-05T12:28:18.261251Z,0.46m,2026-02-05T12:00:00Z
2026-02-05T13:49:46.951327Z,0.46m,2026-02-05T13:15:00Z
2026-02-05T14:35:39.318886Z,0.46m,2026-02-05T13:45:00Z
2026-02-05T16:02:32.615560Z,0.46m,2026-02-05T15:15:00Z
2026-02-05T17:04:52.097532Z,0.46m,2026-02-05T16:15:00Z
2026-02-05T18:00:12.955094Z,0.45m,2026-02-05T17:15:00Z
2026-02-05T19:03:28.317766Z,0.45m,2026-02-05T17:45:00Z
2026-02-06T02:52:02.281767Z,0.44m,2026-02-06T02:15:00Z
2026-02-06T04:29:54.743409Z,0.44m,2026-02-06T03:45:00Z
2026-02-06T07:31:50.824622Z,0.44m,2026-02-06T06:45:00Z
2026-02-06T08:05:15.053830Z,0.44m,2026-02-06T07:15:00Z
2026-02-06T10:57:27.903746Z,0.43m,2026-02-06T09:15:00Z
2026-02-07T04:22:52.371345Z,0.43m,2026-02-07T03:15:00Z
2026-02-07T05:14:28.601502Z,0.43m,2026-02-07T04:45:00Z
2026-02-07T08:14:26.993447Z,0.43m,2026-02-07T07:45:00Z
2026-02-07T09:18:20.280352Z,0.43m,2026-02-07T08:45:00Z
2026-02-07T10:42:33.189638Z,0.43m,2026-02-07T09:45:00Z
2026-02-08T04:10:34.192363Z,0.47m,2026-02-08T03:45:00Z
2026-02-08T05:42:42.653405Z,0.47m,2026-02-08T05:15:00Z
2026-02-08T06:34:09.623437Z,0.47m,2026-02-08T05:45:00Z
2026-02-08T07:25:15.044355Z,0.48m,2026-02-08T06:45:00Z
2026-02-08T07:54:28.119080Z,0.48m,2026-02-08T07:15:00Z
2026-02-08T08:25:41.788610Z,0.49m,2026-02-08T07:45:00Z
2026-02-09T00:58:32.459370Z,0.49m,2026-02-09T00:15:00Z
2026-02-09T03:49:46.747537Z,0.48m,2026-02-09T02:45:00Z
2026-02-09T06:38:49.398928Z,0.47m,2026-02-09T05:45:00Z
2026-02-10T03:25:36.032445Z,0.48m,2026-02-10T02:45:00Z
2026-02-10T05:20:35.748736Z,0.49m,2026-02-10T04:45:00Z
2026-02-10T06:39:10.490644Z,0.48m,2026-02-10T06:15:00Z
2026-02-10T07:42:33.776645Z,0.48m,2026-02-10T07:15:00Z
2026-02-10T08:34:06.043353Z,0.48m,2026-02-10T07:45:00Z
2026-02-10T09:39:09.551134Z,0.47m,2026-02-10T09:15:00Z
2026-02-10T10:36:23.436336Z,0.47m,2026-02-10T09:45:00Z
2026-02-10T11:33:00.091125Z,0.48m,2026-02-10T10:45:00Z
2026-02-11T03:54:44.666615Z,0.46m,2026-02-11T03:15:00Z
2026-02-11T05:24:26.637218Z,0.46m,2026-02-11T04:45:00Z
2026-02-11T06:38:15.530885Z,0.46m,2026-02-11T05:45:00Z
2026-02-11T08:26:48.028229Z,0.45m,2026-02-11T07:45:00Z
2026-02-11T09:33:10.580391Z,0.45m,2026-02-11T08:45:00Z
2026-02-11T10:31:05.575982Z,0.45m,2026-02-11T09:45:00Z
2026-02-11T11:28:36.171804Z,0.45m,2026-02-11T10:45:00Z
2026-02-11T12:08:07.952968Z,0.45m,2026-02-11T11:45:00Z
2026-02-11T13:47:06.360037Z,0.45m,2026-02-11T13:15:00Z
2026-02-11T14:44:24.317472Z,0.45m,2026-02-11T14:15:00Z
2026-02-11T15:44:56.222737Z,0.45m,2026-02-11T15:15:00Z
2026-02-11T16:47:13.981420Z,0.44m,2026-02-11T16:15:00Z
2026-02-11T18:43:04.057365Z,0.45m,2026-02-11T18:15:00Z
2026-02-11T19:46:16.920191Z,0.45m,2026-02-11T19:15:00Z
2026-02-11T20:25:28.270368Z,0.45m,2026-02-11T19:45:00Z
2026-02-11T21:08:48.962604Z,0.45m,2026-02-11T20:45:00Z
2026-02-11T22:54:27.450507Z,0.45m,2026-02-11T22:15:00Z
2026-02-11T23:25:37.026290Z,0.45m,2026-02-11T22:45:00Z
2026-02-12T06:36:10.280176Z,0.44m,2026-02-12T05:45:00Z
2026-02-12T08:06:44.798119Z,0.44m,2026-02-12T07:15:00Z
2026-02-12T10:03:35.804726Z,0.43m,2026-02-12T09:15:00Z
2026-02-12T11:03:20.149925Z,0.43m,2026-02-12T10:15:00Z
2026-02-12T11:52:08.632596Z,0.43m,2026-02-12T11:15:00Z
2026-02-12T13:54:32.894037Z,0.43m,2026-02-12T13:15:00Z
2026-02-12T14:42:38.403539Z,0.43m,2026-02-12T14:15:00Z
2026-02-12T15:37:45.720709Z,0.43m,2026-02-12T15:15:00Z
2026-02-12T16:37:51.789793Z,0.43m,2026-02-12T16:15:00Z
2026-02-12T17:40:59.401394Z,0.43m,2026-02-12T17:15:00Z
2026-02-12T18:41:12.849494Z,0.43m,2026-02-12T18:15:00Z
2026-02-12T20:19:46.472145Z,0.43m,2026-02-12T19:45:00Z
2026-02-12T20:55:14.571287Z,0.43m,2026-02-12T20:15:00Z
2026-02-12T21:29:20.428248Z,0.43m,2026-02-12T20:45:00Z
2026-02-12T22:01:18.753361Z,0.43m,2026-02-12T21:00:00Z
2026-02-12T22:47:08.194083Z,0.43m,2026-02-12T21:45:00Z
2026-02-13T01:00:46.594193Z,0.43m,2026-02-13T00:15:00Z
2026-02-13T03:49:54.367783Z,0.42m,2026-02-13T03:15:00Z
2026-02-13T06:15:33.956920Z,0.42m,2026-02-13T05:45:00Z
2026-02-13T08:07:31.151988Z,0.42m,2026-02-13T07:45:00Z
2026-02-13T09:58:35.032469Z,0.42m,2026-02-13T09:15:00Z
2026-02-13T10:57:57.910081Z,0.42m,2026-02-13T10:15:00Z
2026-02-13T12:26:49.082170Z,0.42m,2026-02-13T11:45:00Z
2026-02-13T13:46:17.921767Z,0.42m,2026-02-13T13:15:00Z
2026-02-13T14:31:51.203401Z,0.42m,2026-02-13T13:45:00Z
2026-02-13T15:24:14.836116Z,0.43m,2026-02-13T14:45:00Z
2026-02-13T17:02:24.121034Z,0.43m,2026-02-13T16:15:00Z
2026-02-13T17:52:54.907704Z,0.42m,2026-02-13T17:15:00Z
2026-02-13T18:31:25.933684Z,0.42m,2026-02-13T17:45:00Z
2026-02-13T19:27:50.326361Z,0.43m,2026-02-13T18:45:00Z
2026-02-13T20:03:34.292814Z,0.43m,2026-02-13T19:15:00Z
2026-02-13T20:53:47.886409Z,0.43m,2026-02-13T20:15:00Z
2026-02-13T21:27:15.296810Z,0.43m,2026-02-13T20:45:00Z
2026-02-13T23:18:09.955294Z,0.42m,2026-02-13T22:15:00Z
2026-02-13T23:48:42.623517Z,0.42m,2026-02-13T23:15:00Z
2026-02-14T03:24:21.622292Z,0.42m,2026-02-14T02:45:00Z
2026-02-14T04:54:53.333169Z,0.42m,2026-02-14T04:15:00Z
2026-02-14T05:40:40.224990Z,0.42m,2026-02-14T05:15:00Z
2026-02-14T06:28:00.358143Z,0.42m,2026-02-14T05:45:00Z
2026-02-14T08:15:55.959699Z,0.42m,2026-02-14T07:45:00Z
2026-02-14T08:52:38.924483Z,0.42m,2026-02-14T08:15:00Z
2026-02-14T09:20:08.229478Z,0.42m,2026-02-14T08:45:00Z
2026-02-14T09:49:53.927689Z,0.42m,2026-02-14T09:15:00Z
2026-02-14T10:43:08.756761Z,0.42m,2026-02-14T10:15:00Z
2026-02-14T11:41:15.441334Z,0.42m,2026-02-14T11:15:00Z
2026-02-14T13:55:58.687175Z,0.43m,2026-02-14T13:15:00Z
2026-02-14T14:40:53.172524Z,0.43m,2026-02-14T14:15:00Z
2026-02-14T15:12:21.760367Z,0.43m,2026-02-14T14:45:00Z
2026-02-14T17:15:35.769965Z,0.42m,2026-02-14T16:45:00Z
2026-02-14T17:46:17.595508Z,0.42m,2026-02-14T17:15:00Z
2026-02-14T18:51:40.979596Z,0.43m,2026-02-14T18:15:00Z
2026-02-14T19:14:33.078517Z,0.42m,2026-02-14T18:45:00Z
2026-02-14T19:41:14.710772Z,0.42m,2026-02-14T19:15:00Z
2026-02-14T20:38:41.982254Z,0.42m,2026-02-14T20:15:00Z
2026-02-14T21:36:21.652731Z,0.42m,2026-02-14T20:45:00Z
2026-02-15T03:19:38.294818Z,0.42m,2026-02-15T02:15:00Z
2026-02-15T05:04:57.184778Z,0.42m,2026-02-15T04:15:00Z
2026-02-15T06:05:52.202689Z,0.42m,2026-02-15T05:15:00Z
2026-02-15T07:04:18.870490Z,0.42m,2026-02-15T06:15:00Z
2026-02-15T07:46:08.449860Z,0.42m,2026-02-15T07:15:00Z
2026-02-15T08:16:57.402261Z,0.42m,2026-02-15T07:45:00Z
2026-02-15T09:22:29.457084Z,0.43m,2026-02-15T08:45:00Z
2026-02-15T09:51:41.817979Z,0.43m,2026-02-15T09:15:00Z
2026-02-15T10:13:29.006902Z,0.42m,2026-02-15T09:45:00Z
2026-02-15T10:49:49.789029Z,0.42m,2026-02-15T10:15:00Z
2026-02-15T11:11:44.799784Z,0.42m,2026-02-15T10:45:00Z
2026-02-15T11:41:51.155088Z,0.43m,2026-02-15T11:15:00Z
2026-02-15T13:12:24.907583Z,0.43m,2026-02-15T12:45:00Z
2026-02-15T13:56:28.373082Z,0.43m,2026-02-15T13:15:00Z
2026-02-15T14:41:56.113517Z,0.43m,2026-02-15T14:15:00Z
2026-02-15T15:12:46.292124Z,0.43m,2026-02-15T14:45:00Z
2026-02-15T15:44:28.994796Z,0.43m,2026-02-15T15:15:00Z
2026-02-15T17:47:14.166171Z,0.43m,2026-02-15T17:00:00Z
2026-02-15T18:53:06.632713Z,0.46m,2026-02-15T18:00:00Z
2026-02-15T19:42:50.604029Z,0.45m,2026-02-15T19:15:00Z
2026-02-15T20:39:54.119822Z,0.45m,2026-02-15T20:15:00Z
2026-02-15T21:53:36.148194Z,0.45m,2026-02-15T21:15:00Z
2026-02-15T22:15:27.621586Z,0.45m,2026-02-15T21:45:00Z
2026-02-15T22:47:20.644068Z,0.45m,2026-02-15T22:15:00Z
2026-02-15T23:13:14.264015Z,0.45m,2026-02-15T22:45:00Z
2026-02-16T00:57:34.049096Z,0.46m,2026-02-16T00:15:00Z
2026-02-16T03:47:59.732354Z,0.45m,2026-02-16T03:15:00Z
2026-02-16T09:34:10.092978Z,0.45m,2026-02-16T08:45:00Z
2026-02-16T11:24:59.530200Z,0.45m,2026-02-16T10:45:00Z
2026-02-16T11:58:53.575263Z,0.45m,2026-02-16T11:15:00Z
2026-02-16T13:36:47.700985Z,0.46m,2026-02-16T12:45:00Z
2026-02-16T14:27:32.324800Z,0.46m,2026-02-16T13:45:00Z
2026-02-16T15:23:57.283414Z,0.46m,2026-02-16T14:45:00Z
2026-02-16T18:25:33.980258Z,0.47m,2026-02-16T17:45:00Z
2026-02-16T20:51:52.183614Z,0.46m,2026-02-16T19:45:00Z
2026-02-17T00:56:33.291568Z,0.46m,2026-02-17T00:15:00Z
2026-02-17T05:14:57.576017Z,0.46m,2026-02-17T04:45:00Z
2026-02-17T06:13:25.211138Z,0.46m,2026-02-17T05:45:00Z
2026-02-17T07:29:46.014227Z,0.45m,2026-02-17T06:45:00Z
2026-02-17T10:03:16.160138Z,0.45m,2026-02-17T09:15:00Z
2026-02-17T11:01:59.415287Z,0.45m,2026-02-17T10:15:00Z
2026-02-17T11:50:17.323198Z,0.45m,2026-02-17T10:45:00Z
2026-02-17T15:32:15.817378Z,0.46m,2026-02-17T14:45:00Z
2026-02-17T16:35:58.547363Z,0.45m,2026-02-17T15:45:00Z
2026-02-17T17:38:16.565829Z,0.45m,2026-02-17T17:15:00Z
2026-02-17T19:32:04.212261Z,0.45m,2026-02-17T18:45:00Z
2026-02-17T20:52:54.761073Z,0.45m,2026-02-17T20:15:00Z
2026-02-17T21:25:19.613466Z,0.45m,2026-02-17T20:45:00Z
2026-02-17T21:54:05.059169Z,0.45m,2026-02-17T21:15:00Z
2026-02-17T22:22:24.335674Z,0.45m,2026-02-17T21:45:00Z
2026-02-17T22:54:32.245891Z,0.45m,2026-02-17T22:15:00Z
2026-02-17T23:22:54.961204Z,0.45m,2026-02-17T22:45:00Z
2026-02-17T23:50:24.304427Z,0.45m,2026-02-17T23:15:00Z
2026-02-18T03:45:32.878220Z,0.45m,2026-02-18T03:15:00Z
2026-02-18T06:34:28.071296Z,0.45m,2026-02-18T05:45:00Z
2026-02-18T08:06:47.886511Z,0.45m,2026-02-18T07:15:00Z
2026-02-18T09:01:27.969969Z,0.45m,2026-02-18T08:15:00Z
2026-02-18T11:01:51.091633Z,0.45m,2026-02-18T10:15:00Z
2026-02-18T11:50:56.513774Z,0.46m,2026-02-18T11:15:00Z
2026-02-18T12:29:31.684112Z,0.46m,2026-02-18T11:45:00Z
2026-02-18T13:51:40.390626Z,0.43m,2026-02-18T13:15:00Z
2026-02-18T14:36:39.305527Z,0.42m,2026-02-18T13:45:00Z
2026-02-18T15:31:27.322940Z,0.42m,2026-02-18T14:45:00Z
2026-02-18T16:40:19.094592Z,0.42m,2026-02-18T16:15:00Z
2026-02-18T17:39:45.395547Z,0.42m,2026-02-18T17:15:00Z
2026-02-18T18:29:20.204283Z,0.42m,2026-02-18T17:45:00Z
2026-02-18T19:32:33.644092Z,0.42m,2026-02-18T18:45:00Z
2026-02-18T20:07:04.011329Z,0.42m,2026-02-18T19:15:00Z
2026-02-18T20:54:42.063094Z,0.42m,2026-02-18T20:15:00Z
2026-02-18T21:29:48.819229Z,0.42m,2026-02-18T20:45:00Z
2026-02-18T22:01:57.699536Z,0.42m,2026-02-18T21:15:00Z
2026-02-18T22:50:09.755255Z,0.42m,2026-02-18T22:15:00Z
2026-02-18T23:16:02.449003Z,0.42m,2026-02-18T22:45:00Z
2026-02-18T23:49:09.857474Z,0.42m,2026-02-18T23:15:00Z
2026-02-19T03:44:51.164413Z,0.42m,2026-02-19T03:15:00Z
2026-02-19T05:15:12.612847Z,0.42m,2026-02-19T04:45:00Z
2026-02-19T06:16:36.329211Z,0.42m,2026-02-19T05:45:00Z
2026-02-19T07:30:28.027776Z,0.42m,2026-02-19T06:45:00Z
2026-02-19T09:01:12.270120Z,0.41m,2026-02-19T08:15:00Z
2026-02-19T10:02:08.267001Z,0.41m,2026-02-19T09:15:00Z
2026-02-19T11:01:47.799257Z,0.42m,2026-02-19T10:15:00Z
2026-02-19T11:50:40.390402Z,0.42m,2026-02-19T11:15:00Z
2026-02-19T12:30:51.667280Z,0.42m,2026-02-19T11:45:00Z
2026-02-19T13:52:52.962484Z,0.42m,2026-02-19T13:15:00Z
2026-02-19T14:40:30.371892Z,0.42m,2026-02-19T14:15:00Z
2026-02-19T15:34:51.646389Z,0.42m,2026-02-19T14:45:00Z
2026-02-19T16:30:52.150532Z,0.43m,2026-02-19T15:45:00Z
2026-02-19T17:33:41.326743Z,0.42m,2026-02-19T16:45:00Z
2026-02-19T19:27:48.104481Z,0.43m,2026-02-19T18:45:00Z
2026-02-19T20:02:13.866271Z,0.43m,2026-02-19T19:15:00Z
2026-02-19T21:53:06.061511Z,0.43m,2026-02-19T21:15:00Z
2026-02-19T23:25:43.901492Z,0.43m,2026-02-19T22:45:00Z
2026-02-20T04:29:37.671094Z,0.43m,2026-02-20T03:45:00Z
2026-02-20T06:34:25.200542Z,0.44m,2026-02-20T05:45:00Z
2026-02-20T07:33:39.725595Z,0.45m,2026-02-20T06:45:00Z
2026-02-20T08:05:46.156194Z,0.45m,2026-02-20T07:15:00Z
2026-02-20T08:56:25.392027Z,0.48m,2026-02-20T08:15:00Z
2026-02-20T09:55:02.119344Z,0.51m,2026-02-20T09:15:00Z
2026-02-20T10:32:23.252622Z,0.51m,2026-02-20T09:45:00Z
2026-02-20T11:07:54.893625Z,0.51m,2026-02-20T10:45:00Z
2026-02-20T11:45:04.291612Z,0.52m,2026-02-20T11:15:00Z
2026-02-20T12:26:27.777373Z,0.53m,2026-02-20T11:45:00Z
2026-02-20T13:44:10.869525Z,0.55m,2026-02-20T13:15:00Z
2026-02-20T15:57:08.072544Z,0.60m,2026-02-20T15:15:00Z
2026-02-20T16:55:48.543832Z,0.62m,2026-02-20T16:15:00Z
2026-02-20T17:52:16.771949Z,0.66m,2026-02-20T17:15:00Z
2026-02-20T18:29:36.600593Z,0.66m,2026-02-20T17:45:00Z
2026-02-20T19:23:48.627692Z,0.67m,2026-02-20T18:45:00Z
2026-02-20T19:51:28.314573Z,0.68m,2026-02-20T19:15:00Z
2026-02-20T20:50:35.271758Z,0.66m,2026-02-20T20:15:00Z
2026-02-20T21:11:48.729284Z,0.65m,2026-02-20T20:45:00Z
2026-02-20T22:01:00.924239Z,0.64m,2026-02-20T21:15:00Z
2026-02-20T22:44:18.183519Z,0.63m,2026-02-20T22:15:00Z
2026-02-20T23:46:58.929077Z,0.63m,2026-02-20T23:15:00Z
2026-02-21T00:52:34.319509Z,0.71m,2026-02-21T00:15:00Z
2026-02-21T03:14:21.774954Z,0.73m,2026-02-21T02:45:00Z
2026-02-21T06:05:36.477742Z,0.72m,2026-02-21T05:15:00Z
2026-02-21T06:58:39.846145Z,0.72m,2026-02-21T06:15:00Z
2026-02-21T07:42:02.337068Z,0.72m,2026-02-21T07:15:00Z
2026-02-21T08:14:39.716526Z,0.71m,2026-02-21T07:45:00Z
2026-02-21T08:51:17.899129Z,0.71m,2026-02-21T08:15:00Z
2026-02-21T09:16:58.223032Z,0.70m,2026-02-21T08:45:00Z
2026-02-21T09:49:00.629046Z,0.70m,2026-02-21T09:15:00Z
2026-02-21T10:41:14.669253Z,0.69m,2026-02-21T10:15:00Z
2026-02-21T11:10:11.072668Z,0.69m,2026-02-21T10:45:00Z
2026-02-21T11:50:27.372100Z,0.69m,2026-02-21T11:15:00Z
2026-02-21T13:51:28.343787Z,0.69m,2026-02-21T13:15:00Z
2026-02-21T14:13:55.701979Z,0.69m,2026-02-21T13:45:00Z
2026-02-21T14:47:57.551927Z,0.68m,2026-02-21T14:15:00Z
2026-02-21T15:11:53.717341Z,0.68m,2026-02-21T14:45:00Z
2026-02-21T16:02:05.299215Z,0.69m,2026-02-21T15:15:00Z
2026-02-21T17:13:33.410811Z,0.70m,2026-02-21T16:45:00Z
2026-02-21T17:46:40.707353Z,0.71m,2026-02-21T17:15:00Z
2026-02-21T19:15:34.850552Z,0.75m,2026-02-21T18:45:00Z
2026-02-21T19:41:34.610864Z,0.77m,2026-02-21T19:15:00Z
2026-02-21T20:37:08.753332Z,0.76m,2026-02-21T19:45:00Z
2026-02-21T20:55:03.258715Z,0.76m,2026-02-21T20:15:00Z
2026-02-21T21:42:23.739929Z,0.76m,2026-02-21T21:15:00Z
2026-02-21T22:56:55.431375Z,0.75m,2026-02-21T22:15:00Z
2026-02-21T23:35:10.527959Z,0.75m,2026-02-21T22:45:00Z
2026-02-21T23:52:27.152901Z,0.74m,2026-02-21T23:15:00Z
2026-02-22T01:03:36.610008Z,0.73m,2026-02-22T00:15:00Z
2026-02-22T03:42:25.973335Z,0.71m,2026-02-22T03:15:00Z
2026-02-22T05:09:47.967621Z,0.70m,2026-02-22T04:45:00Z
2026-02-22T06:04:09.866289Z,0.69m,2026-02-22T05:15:00Z
2026-02-22T07:03:19.907992Z,0.68m,2026-02-22T06:15:00Z
2026-02-22T07:46:07.876897Z,0.66m,2026-02-22T07:15:00Z
2026-02-22T08:15:47.705977Z,0.67m,2026-02-22T07:45:00Z
2026-02-22T08:52:00.112290Z,0.69m,2026-02-22T08:15:00Z
2026-02-22T09:17:49.662393Z,0.70m,2026-02-22T08:45:00Z
2026-02-22T09:50:11.280791Z,0.70m,2026-02-22T09:15:00Z
2026-02-22T10:40:41.315684Z,0.67m,2026-02-22T10:15:00Z
2026-02-22T11:10:43.694615Z,0.66m,2026-02-22T10:45:00Z
2026-02-22T11:39:58.740766Z,0.65m,2026-02-22T11:15:00Z
2026-02-22T12:31:41.493234Z,0.64m,2026-02-22T11:45:00Z
2026-02-22T13:29:31.309777Z,0.63m,2026-02-22T12:45:00Z
2026-02-22T14:01:46.304562Z,0.63m,2026-02-22T13:15:00Z
2026-02-22T14:39:30.036122Z,0.62m,2026-02-22T14:15:00Z
2026-02-22T15:54:37.159897Z,0.61m,2026-02-22T15:15:00Z
2026-02-22T16:21:30.838994Z,0.61m,2026-02-22T15:45:00Z
2026-02-22T16:52:15.939701Z,0.60m,2026-02-22T16:15:00Z
2026-02-22T17:16:09.132271Z,0.62m,2026-02-22T16:45:00Z
2026-02-22T17:46:16.940321Z,0.63m,2026-02-22T17:15:00Z
2026-02-22T18:52:39.756415Z,0.65m,2026-02-22T18:15:00Z
2026-02-22T19:16:52.521931Z,0.67m,2026-02-22T18:45:00Z
2026-02-22T19:41:27.265397Z,0.66m,2026-02-22T19:15:00Z
2026-02-22T20:57:54.189780Z,0.63m,2026-02-22T20:15:00Z
2026-02-22T21:36:07.723279Z,0.61m,2026-02-22T20:45:00Z
2026-02-22T21:53:08.915295Z,0.60m,2026-02-22T21:15:00Z
2026-02-22T22:13:52.370300Z,0.60m,2026-02-22T21:45:00Z
2026-02-22T22:46:33.696306Z,0.63m,2026-02-22T22:15:00Z
2026-02-22T23:13:03.020216Z,0.65m,2026-02-22T22:45:00Z
2026-02-22T23:44:35.165514Z,0.65m,2026-02-22T23:15:00Z
2026-02-23T05:12:17.379968Z,0.86m,2026-02-23T04:45:00Z
2026-02-23T06:37:50.376288Z,0.81m,2026-02-23T05:45:00Z
2026-02-23T07:40:13.784933Z,0.80m,2026-02-23T07:15:00Z
2026-02-23T08:27:53.483664Z,0.80m,2026-02-23T07:45:00Z
2026-02-23T09:35:01.510099Z,0.80m,2026-02-23T08:45:00Z
2026-02-23T10:31:42.598430Z,0.82m,2026-02-23T09:45:00Z
2026-02-23T11:24:53.920359Z,0.82m,2026-02-23T10:45:00Z
2026-02-23T11:58:03.873453Z,0.81m,2026-02-23T11:15:00Z
2026-02-23T13:39:04.008252Z,0.79m,2026-02-23T13:15:00Z
2026-02-23T14:31:20.607033Z,0.78m,2026-02-23T13:45:00Z
2026-02-23T15:28:23.069366Z,0.73m,2026-02-23T14:45:00Z
2026-02-23T16:33:44.259551Z,0.71m,2026-02-23T15:45:00Z
2026-02-23T17:43:48.158244Z,0.68m,2026-02-23T17:15:00Z
2026-02-23T18:42:52.728418Z,0.66m,2026-02-23T18:15:00Z
2026-02-23T19:47:26.770289Z,0.62m,2026-02-23T19:15:00Z
2026-02-23T20:30:10.968331Z,0.59m,2026-02-23T19:45:00Z
2026-02-23T21:27:09.163878Z,0.55m,2026-02-23T20:45:00Z
2026-02-23T22:23:20.805784Z,0.54m,2026-02-23T21:45:00Z
2026-02-23T23:06:08.370964Z,0.54m,2026-02-23T22:15:00Z
2026-02-23T23:44:36.152794Z,0.54m,2026-02-23T23:15:00Z
2026-02-24T00:54:16.861618Z,0.54m,2026-02-24T00:15:00Z
2026-02-24T03:31:37.412057Z,0.63m,2026-02-24T02:45:00Z
2026-02-24T05:11:15.136182Z,0.63m,2026-02-24T04:45:00Z
2026-02-24T06:15:50.926960Z,0.63m,2026-02-24T05:45:00Z
2026-02-24T07:31:09.002292Z,0.62m,2026-02-24T06:45:00Z
2026-02-24T08:08:25.251898Z,0.62m,2026-02-24T07:45:00Z
2026-02-24T09:05:40.537453Z,0.62m,2026-02-24T08:15:00Z
2026-02-24T10:05:31.858075Z,0.62m,2026-02-24T09:15:00Z
2026-02-24T11:03:17.790522Z,0.63m,2026-02-24T10:15:00Z
2026-02-24T12:32:05.864135Z,0.62m,2026-02-24T11:45:00Z
2026-02-24T14:44:44.489766Z,0.62m,2026-02-24T14:15:00Z
2026-02-24T15:44:58.855696Z,0.62m,2026-02-24T15:15:00Z
2026-02-24T18:41:37.965629Z,0.62m,2026-02-24T18:15:00Z
2026-02-24T19:41:30.643979Z,0.61m,2026-02-24T19:15:00Z
2026-02-24T20:20:14.978682Z,0.59m,2026-02-24T19:45:00Z
2026-02-24T20:58:55.673412Z,0.57m,2026-02-24T20:15:00Z
2026-02-24T21:49:03.397375Z,0.53m,2026-02-24T21:15:00Z
2026-02-24T22:18:57.218764Z,0.51m,2026-02-24T21:45:00Z
2026-02-24T22:55:56.377669Z,0.48m,2026-02-24T22:15:00Z
2026-02-25T00:59:52.330426Z,0.45m,2026-02-25T00:15:00Z
2026-02-25T05:16:42.491393Z,0.61m,2026-02-25T04:45:00Z
2026-02-25T06:35:57.368030Z,0.61m,2026-02-25T05:45:00Z
2026-02-25T08:26:21.496178Z,0.61m,2026-02-25T07:45:00Z
2026-02-25T09:33:55.105278Z,0.61m,2026-02-25T08:45:00Z
2026-02-25T10:31:34.875959Z,0.61m,2026-02-25T09:45:00Z
2026-02-25T12:04:00.942692Z,0.61m,2026-02-25T11:15:00Z
2026-02-25T15:45:11.683712Z,0.62m,2026-02-25T15:15:00Z
2026-02-25T16:54:07.501609Z,0.60m,2026-02-25T16:15:00Z
2026-02-25T17:52:41.879230Z,0.56m,2026-02-25T17:15:00Z
2026-02-25T18:48:23.007202Z,0.52m,2026-02-25T18:15:00Z
2026-02-25T19:42:44.163342Z,0.48m,2026-02-25T19:15:00Z
2026-02-25T20:22:01.118804Z,0.45m,2026-02-25T19:45:00Z
2026-02-25T20:58:03.241336Z,0.45m,2026-02-25T20:15:00Z
2026-02-25T21:50:15.373842Z,0.45m,2026-02-25T21:15:00Z
2026-02-25T22:56:19.331831Z,0.47m,2026-02-25T22:15:00Z
2026-02-25T23:40:45.180417Z,0.51m,2026-02-25T23:15:00Z
2026-02-26T00:53:30.100953Z,0.50m,2026-02-26T00:15:00Z
2026-02-26T03:28:23.655120Z,0.53m,2026-02-26T02:45:00Z
2026-02-26T05:09:56.125742Z,0.57m,2026-02-26T04:45:00Z
2026-02-26T06:10:59.322996Z,0.59m,2026-02-26T05:45:00Z
2026-02-26T07:30:27.915465Z,0.61m,2026-02-26T06:45:00Z
2026-02-26T08:07:54.213196Z,0.64m,2026-02-26T07:45:00Z
2026-02-26T09:03:44.564027Z,0.67m,2026-02-26T08:15:00Z
2026-02-26T10:04:09.082768Z,0.73m,2026-02-26T09:15:00Z
2026-02-26T11:02:27.228636Z,0.72m,2026-02-26T10:15:00Z
2026-02-26T11:51:15.735561Z,0.71m,2026-02-26T11:15:00Z
2026-02-26T12:31:46.918695Z,0.71m,2026-02-26T11:45:00Z
2026-02-26T13:53:40.957123Z,0.71m,2026-02-26T13:15:00Z
2026-02-26T14:41:22.743514Z,0.72m,2026-02-26T14:15:00Z
2026-02-26T16:38:11.418851Z,0.75m,2026-02-26T16:15:00Z
2026-02-26T19:29:20.863295Z,0.75m,2026-02-26T18:45:00Z
2026-02-26T20:06:00.723579Z,0.73m,2026-02-26T19:15:00Z
2026-02-26T20:52:48.382604Z,0.71m,2026-02-26T20:15:00Z
2026-02-26T21:23:35.421507Z,0.70m,2026-02-26T20:45:00Z
2026-02-26T21:51:58.577271Z,0.71m,2026-02-26T21:15:00Z
2026-02-26T22:19:49.754753Z,0.71m,2026-02-26T21:45:00Z
2026-02-26T22:56:56.353033Z,0.71m,2026-02-26T22:15:00Z
2026-02-26T23:41:18.981347Z,0.71m,2026-02-26T23:15:00Z
2026-02-27T06:03:05.503749Z,0.66m,2026-02-27T05:15:00Z
2026-02-27T07:09:52.819313Z,0.66m,2026-02-27T06:45:00Z
2026-02-27T08:34:29.355921Z,0.65m,2026-02-27T07:45:00Z
2026-02-27T10:02:42.421497Z,0.64m,2026-02-27T09:15:00Z
2026-02-27T10:55:30.523237Z,0.63m,2026-02-27T10:15:00Z
2026-02-27T12:26:31.990408Z,0.63m,2026-02-27T11:45:00Z
2026-02-27T13:42:34.353406Z,0.62m,2026-02-27T13:15:00Z
2026-02-27T14:29:06.256134Z,0.62m,2026-02-27T13:45:00Z
2026-02-27T15:22:35.271892Z,0.62m,2026-02-27T14:45:00Z
2026-02-27T16:53:54.362348Z,0.60m,2026-02-27T16:15:00Z
2026-02-27T18:04:02.472521Z,0.59m,2026-02-27T17:15:00Z
2026-02-27T19:43:36.131664Z,0.56m,2026-02-27T19:15:00Z
2026-02-27T20:15:34.177437Z,0.55m,2026-02-27T19:45:00Z
2026-02-27T20:48:00.535982Z,0.54m,2026-02-27T20:15:00Z
2026-02-27T21:47:14.857431Z,0.53m,2026-02-27T21:15:00Z
2026-02-27T22:56:43.059648Z,0.51m,2026-02-27T22:15:00Z
2026-02-27T23:36:02.102558Z,0.50m,2026-02-27T22:45:00Z
2026-02-27T23:53:29.839492Z,0.49m,2026-02-27T23:15:00Z
2026-02-28T01:06:08.445580Z,0.47m,2026-02-28T00:15:00Z
2026-02-28T03:18:50.210885Z,0.40m,2026-02-28T02:45:00Z
2026-02-28T04:36:10.389700Z,0.39m,2026-02-28T03:45:00Z
2026-02-28T05:19:00.799006Z,0.39m,2026-02-28T04:45:00Z
2026-02-28T05:51:52.064872Z,0.39m,2026-02-28T05:15:00Z
2026-02-28T06:19:56.385274Z,0.39m,2026-02-28T05:45:00Z
2026-02-28T06:58:23.125820Z,0.39m,2026-02-28T06:15:00Z
2026-02-28T07:37:05.732328Z,0.39m,2026-02-28T06:45:00Z
2026-02-28T07:51:33.619238Z,0.39m,2026-02-28T07:15:00Z
2026-02-28T08:43:06.183228Z,0.39m,2026-02-28T08:15:00Z
2026-02-28T09:13:38.293435Z,0.38m,2026-02-28T08:45:00Z
2026-02-28T09:44:03.996250Z,0.38m,2026-02-28T09:15:00Z
2026-02-28T10:37:12.670173Z,0.39m,2026-02-28T09:45:00Z
2026-02-28T10:54:03.910571Z,0.39m,2026-02-28T10:15:00Z
2026-02-28T11:12:44.115056Z,0.39m,2026-02-28T10:45:00Z
2026-02-28T11:48:38.856672Z,0.39m,2026-02-28T11:15:00Z
2026-02-28T13:45:07.632790Z,0.38m,2026-02-28T13:15:00Z
2026-02-28T14:35:41.893701Z,0.39m,2026-02-28T13:45:00Z
2026-02-28T14:52:12.668310Z,0.39m,2026-02-28T14:15:00Z
2026-02-28T15:40:37.856776Z,0.39m,2026-02-28T15:15:00Z
2026-02-28T16:38:41.438811Z,0.39m,2026-02-28T16:15:00Z
2026-02-28T17:16:25.077772Z,0.39m,2026-02-28T16:45:00Z
2026-02-28T17:40:13.379718Z,0.39m,2026-02-28T17:15:00Z
2026-02-28T18:17:55.417060Z,0.38m,2026-02-28T17:45:00Z
2026-02-28T18:51:55.355311Z,0.38m,2026-02-28T18:15:00Z
2026-02-28T19:11:11.774044Z,0.39m,2026-02-28T18:45:00Z
2026-02-28T19:37:18.642492Z,0.38m,2026-02-28T19:15:00Z
2026-02-28T20:36:53.966027Z,0.38m,2026-02-28T19:45:00Z
2026-02-28T20:53:19.001172Z,0.39m,2026-02-28T20:15:00Z
2026-02-28T21:12:19.578761Z,0.39m,2026-02-28T20:45:00Z
2026-02-28T21:39:26.051112Z,0.38m,2026-02-28T21:15:00Z
2026-02-28T22:35:48.558937Z,0.38m,2026-02-28T21:45:00Z
2026-02-28T22:53:00.198381Z,0.38m,2026-02-28T22:15:00Z
2026-02-28T23:12:05.482094Z,0.38m,2026-02-28T22:45:00Z
2026-02-28T23:53:34.662370Z,0.38m,2026-02-28T23:15:00Z
2026-03-01T01:22:11.499849Z,0.38m,2026-03-01T00:45:00Z
2026-03-01T03:58:37.803787Z,0.38m,2026-03-01T03:15:00Z
2026-03-01T05:21:32.201884Z,0.39m,2026-03-01T04:45:00Z
2026-03-01T06:05:36.456742Z,0.39m,2026-03-01T05:15:00Z
2026-03-01T07:42:23.490572Z,0.39m,2026-03-01T07:00:00Z
2026-03-01T08:46:15.155021Z,0.40m,2026-03-01T08:15:00Z
2026-03-01T09:16:43.110868Z,0.41m,2026-03-01T08:45:00Z
2026-03-01T09:47:27.273380Z,0.41m,2026-03-01T09:15:00Z
2026-03-01T10:39:28.886818Z,0.45m,2026-03-01T10:15:00Z
2026-03-01T11:31:16.856075Z,0.51m,2026-03-01T10:45:00Z
2026-03-01T11:49:01.141350Z,0.55m,2026-03-01T11:15:00Z
2026-03-01T13:08:33.148225Z,0.55m,2026-03-01T12:45:00Z
2026-03-01T13:47:56.845987Z,0.53m,2026-03-01T13:15:00Z
2026-03-01T14:11:58.199904Z,0.52m,2026-03-01T13:45:00Z
2026-03-01T14:45:10.314861Z,0.51m,2026-03-01T14:15:00Z
2026-03-01T15:50:47.458046Z,0.49m,2026-03-01T15:15:00Z
2026-03-01T16:41:48.000608Z,0.48m,2026-03-01T16:15:00Z
2026-03-01T17:10:57.663898Z,0.49m,2026-03-01T16:45:00Z
2026-03-01T17:42:59.372430Z,0.49m,2026-03-01T17:15:00Z
2026-03-01T18:49:43.355936Z,0.52m,2026-03-01T18:15:00Z
2026-03-01T19:12:28.476002Z,0.56m,2026-03-01T18:45:00Z
2026-03-01T19:39:26.218253Z,0.59m,2026-03-01T19:15:00Z
2026-03-01T20:11:32.388832Z,0.61m,2026-03-01T19:45:00Z
2026-03-01T21:01:12.980071Z,0.63m,2026-03-01T20:15:00Z
2026-03-01T21:34:05.313012Z,0.65m,2026-03-01T20:45:00Z
2026-03-01T21:59:10.700387Z,0.68m,2026-03-01T21:15:00Z
2026-03-01T22:37:56.326426Z,0.75m,2026-03-01T22:15:00Z
2026-03-01T23:34:42.605441Z,0.78m,2026-03-01T22:45:00Z
2026-03-01T23:52:45.771484Z,0.81m,2026-03-01T23:15:00Z
2026-03-02T05:06:19.242678Z,0.80m,2026-03-02T04:00:00Z
2026-03-02T07:59:38.825331Z,0.72m,2026-03-02T07:15:00Z
2026-03-02T08:59:03.524655Z,0.70m,2026-03-02T08:15:00Z
2026-03-02T10:03:59.576962Z,0.69m,2026-03-02T09:00:00Z
2026-03-02T10:59:03.973076Z,0.67m,2026-03-02T10:15:00Z
2026-03-02T11:58:08.830040Z,0.66m,2026-03-02T11:15:00Z
2026-03-02T13:22:20.484039Z,0.64m,2026-03-02T12:45:00Z
2026-03-02T14:10:53.030585Z,0.63m,2026-03-02T13:45:00Z
2026-03-02T15:04:36.473992Z,0.63m,2026-03-02T14:15:00Z
2026-03-02T15:53:45.250090Z,0.62m,2026-03-02T15:15:00Z
2026-03-02T17:26:52.149612Z,0.55m,2026-03-02T16:45:00Z
2026-03-02T18:07:02.810708Z,0.55m,2026-03-02T17:15:00Z
2026-03-02T19:04:02.164044Z,0.55m,2026-03-02T18:15:00Z
2026-03-02T19:50:44.594916Z,0.54m,2026-03-02T19:15:00Z
2026-03-02T20:19:58.830363Z,0.54m,2026-03-02T19:45:00Z
2026-03-02T20:55:21.732240Z,0.54m,2026-03-02T20:15:00Z
2026-03-02T21:47:38.625733Z,0.54m,2026-03-02T21:15:00Z
2026-03-02T22:15:01.179821Z,0.53m,2026-03-02T21:45:00Z
2026-03-02T22:50:45.336872Z,0.53m,2026-03-02T22:15:00Z
2026-03-02T23:12:37.789810Z,0.52m,2026-03-02T22:45:00Z
2026-03-02T23:45:52.867947Z,0.51m,2026-03-02T23:15:00Z
2026-03-03T03:40:16.951795Z,0.48m,2026-03-03T03:15:00Z
2026-03-03T05:05:05.966297Z,0.47m,2026-03-03T04:15:00Z
2026-03-03T06:01:08.034243Z,0.46m,2026-03-03T05:15:00Z
2026-03-03T07:52:14.222094Z,0.46m,2026-03-03T07:15:00Z
2026-03-03T08:26:13.153885Z,0.46m,2026-03-03T07:45:00Z
2026-03-03T09:23:36.138301Z,0.46m,2026-03-03T08:45:00Z
2026-03-03T10:03:57.233508Z,0.46m,2026-03-03T09:15:00Z
2026-03-03T10:56:55.175631Z,0.46m,2026-03-03T10:15:00Z
2026-03-03T11:45:14.443075Z,0.46m,2026-03-03T11:15:00Z
2026-03-03T12:26:54.745877Z,0.46m,2026-03-03T11:45:00Z
2026-03-03T13:42:42.772732Z,0.46m,2026-03-03T13:15:00Z
2026-03-03T16:26:26.149514Z,0.45m,2026-03-03T15:45:00Z
2026-03-03T17:26:18.972472Z,0.46m,2026-03-03T16:45:00Z
2026-03-03T19:09:55.994113Z,0.45m,2026-03-03T18:45:00Z
2026-03-03T19:49:30.904839Z,0.45m,2026-03-03T19:15:00Z
2026-03-03T20:51:55.117157Z,0.45m,2026-03-03T20:15:00Z
2026-03-03T21:21:10.408753Z,0.45m,2026-03-03T20:45:00Z
2026-03-03T21:51:45.913736Z,0.45m,2026-03-03T21:15:00Z
2026-03-03T22:15:24.429126Z,0.45m,2026-03-03T21:45:00Z
2026-03-03T22:50:11.693028Z,0.45m,2026-03-03T22:15:00Z
2026-03-03T23:13:09.825349Z,0.45m,2026-03-03T22:45:00Z
2026-03-04T00:54:08.056652Z,0.45m,2026-03-04T00:15:00Z
2026-03-04T03:22:34.258965Z,0.40m,2026-03-04T02:45:00Z
2026-03-04T04:53:34.892429Z,0.35m,2026-03-04T04:15:00Z
2026-03-04T06:26:57.078068Z,0.35m,2026-03-04T05:45:00Z
2026-03-04T07:56:16.125909Z,0.35m,2026-03-04T07:15:00Z
2026-03-04T08:55:02.391689Z,0.35m,2026-03-04T08:15:00Z
2026-03-04T09:35:26.523298Z,0.35m,2026-03-04T08:45:00Z
2026-03-04T10:06:31.685462Z,0.35m,2026-03-04T09:15:00Z
2026-03-04T10:54:26.917883Z,0.35m,2026-03-04T10:15:00Z
2026-03-04T11:25:06.125157Z,0.35m,2026-03-04T10:45:00Z
2026-03-04T11:51:12.584542Z,0.35m,2026-03-04T11:15:00Z
2026-03-04T14:28:54.799757Z,0.35m,2026-03-04T13:45:00Z
2026-03-04T15:09:07.736855Z,0.36m,2026-03-04T14:45:00Z
2026-03-04T17:00:21.857221Z,0.36m,2026-03-04T16:15:00Z
2026-03-04T17:54:38.258344Z,0.36m,2026-03-04T17:15:00Z
2026-03-04T18:38:58.744484Z,0.36m,2026-03-04T18:15:00Z
2026-03-04T19:25:36.128332Z,0.36m,2026-03-04T19:00:00Z
2026-03-04T21:20:39.036343Z,0.36m,2026-03-04T20:45:00Z
2026-03-04T21:52:17.451887Z,0.36m,2026-03-04T21:15:00Z
2026-03-04T22:53:38.499992Z,0.36m,2026-03-04T22:15:00Z
2026-03-04T23:21:30.957051Z,0.37m,2026-03-04T22:45:00Z
2026-03-05T00:56:13.387207Z,0.41m,2026-03-05T00:15:00Z
2026-03-05T03:35:32.479841Z,0.43m,2026-03-05T02:45:00Z
2026-03-05T05:03:14.014373Z,0.43m,2026-03-05T04:15:00Z
2026-03-05T05:59:43.770098Z,0.43m,2026-03-05T05:15:00Z
2026-03-05T07:07:04.566358Z,0.43m,2026-03-05T06:15:00Z
2026-03-05T07:51:38.645575Z,0.42m,2026-03-05T07:15:00Z
2026-03-05T08:24:44.007281Z,0.42m,2026-03-05T07:45:00Z
2026-03-05T09:05:45.922756Z,0.43m,2026-03-05T08:15:00Z
2026-03-05T10:57:21.562004Z,0.43m,2026-03-05T10:15:00Z
2026-03-05T11:46:19.049880Z,0.44m,2026-03-05T11:15:00Z
2026-03-05T12:28:36.071270Z,0.45m,2026-03-05T11:45:00Z
2026-03-05T13:45:56.013621Z,0.47m,2026-03-05T13:15:00Z
2026-03-05T14:34:56.293512Z,0.47m,2026-03-05T13:45:00Z
2026-03-05T17:45:08.562222Z,0.50m,2026-03-05T17:15:00Z
2026-03-05T19:00:37.474782Z,0.56m,2026-03-05T18:15:00Z
2026-03-05T19:58:11.802539Z,0.54m,2026-03-05T19:15:00Z
2026-03-05T20:50:39.224919Z,0.54m,2026-03-05T20:15:00Z
2026-03-05T21:54:32.509106Z,0.53m,2026-03-05T21:15:00Z
2026-03-05T22:24:42.313382Z,0.53m,2026-03-05T21:45:00Z
2026-03-06T00:06:05.613921Z,0.52m,2026-03-05T23:15:00Z
2026-03-06T02:48:47.284034Z,0.49m,2026-03-06T02:15:00Z
2026-03-06T04:24:04.120430Z,0.46m,2026-03-06T03:45:00Z
2026-03-06T06:08:05.698797Z,0.42m,2026-03-06T05:45:00Z
2026-03-06T07:06:10.136312Z,0.42m,2026-03-06T06:15:00Z
2026-03-06T07:49:24.692756Z,0.42m,2026-03-06T07:15:00Z
2026-03-06T08:59:06.693668Z,0.41m,2026-03-06T08:15:00Z
2026-03-06T09:53:29.509618Z,0.41m,2026-03-06T09:15:00Z
2026-03-06T11:39:51.928691Z,0.41m,2026-03-06T11:15:00Z
2026-03-06T13:18:59.535118Z,0.41m,2026-03-06T12:45:00Z
2026-03-06T14:03:52.655262Z,0.41m,2026-03-06T13:15:00Z
2026-03-06T14:53:36.460879Z,0.41m,2026-03-06T14:15:00Z
2026-03-06T16:04:12.265347Z,0.37m,2026-03-06T15:15:00Z
2026-03-06T17:50:19.971398Z,0.37m,2026-03-06T17:15:00Z
2026-03-06T18:26:17.847559Z,0.37m,2026-03-06T17:45:00Z
2026-03-06T19:20:51.939796Z,0.37m,2026-03-06T18:45:00Z
2026-03-06T20:51:01.224720Z,0.36m,2026-03-06T20:15:00Z
2026-03-06T21:47:39.424268Z,0.36m,2026-03-06T21:15:00Z
2026-03-06T22:13:26.169002Z,0.36m,2026-03-06T21:45:00Z
2026-03-06T23:15:14.139264Z,0.36m,2026-03-06T22:45:00Z
2026-03-06T23:45:24.801311Z,0.36m,2026-03-06T23:15:00Z
2026-03-07T06:56:50.803351Z,0.34m,2026-03-07T06:15:00Z
2026-03-07T07:38:31.273499Z,0.34m,2026-03-07T07:15:00Z
2026-03-07T08:24:19.013746Z,0.34m,2026-03-07T08:00:00Z
2026-03-07T08:52:34.148118Z,0.34m,2026-03-07T08:15:00Z
2026-03-07T09:18:03.628916Z,0.34m,2026-03-07T08:45:00Z
2026-03-07T09:47:05.619212Z,0.34m,2026-03-07T09:15:00Z
2026-03-07T10:38:12.173671Z,0.34m,2026-03-07T10:15:00Z
2026-03-07T11:15:11.912003Z,0.34m,2026-03-07T10:45:00Z
2026-03-07T11:38:14.593348Z,0.34m,2026-03-07T11:15:00Z
2026-03-07T14:45:01.826547Z,0.34m,2026-03-07T14:15:00Z
2026-03-07T15:34:44.662451Z,0.34m,2026-03-07T14:45:00Z
2026-03-07T15:51:17.398268Z,0.34m,2026-03-07T15:15:00Z
2026-03-07T16:41:07.597793Z,0.34m,2026-03-07T16:15:00Z
2026-03-07T17:10:07.793466Z,0.34m,2026-03-07T16:45:00Z
2026-03-07T17:52:11.890549Z,0.34m,2026-03-07T17:15:00Z
2026-03-07T18:52:33.872108Z,0.34m,2026-03-07T18:15:00Z
2026-03-07T19:13:08.542067Z,0.34m,2026-03-07T18:45:00Z
2026-03-07T19:51:29.556968Z,0.34m,2026-03-07T19:15:00Z
2026-03-07T20:36:57.851973Z,0.34m,2026-03-07T19:45:00Z
2026-03-07T20:53:54.500676Z,0.34m,2026-03-07T20:15:00Z
2026-03-07T21:14:00.492249Z,0.34m,2026-03-07T20:45:00Z
2026-03-07T22:10:29.837918Z,0.34m,2026-03-07T21:45:00Z
2026-03-07T22:44:26.934673Z,0.34m,2026-03-07T22:15:00Z
2026-03-07T23:33:37.320628Z,0.34m,2026-03-07T22:45:00Z
2026-03-07T23:51:44.831132Z,0.34m,2026-03-07T23:15:00Z
2026-03-08T04:29:00.461157Z,0.34m,2026-03-08T03:45:00Z
2026-03-08T05:31:34.274063Z,0.34m,2026-03-08T04:45:00Z
2026-03-08T08:00:50.065282Z,0.34m,2026-03-08T07:15:00Z
2026-03-08T09:15:52.565156Z,0.34m,2026-03-08T08:45:00Z
2026-03-08T09:48:00.741678Z,0.33m,2026-03-08T09:15:00Z
2026-03-08T10:39:28.708607Z,0.33m,2026-03-08T10:15:00Z
2026-03-08T11:49:56.279431Z,0.34m,2026-03-08T11:15:00Z
2026-03-08T13:09:14.626091Z,0.33m,2026-03-08T12:45:00Z
2026-03-08T13:48:53.928774Z,0.33m,2026-03-08T13:15:00Z
2026-03-08T14:12:16.897516Z,0.33m,2026-03-08T13:45:00Z
2026-03-08T14:45:51.057236Z,0.33m,2026-03-08T14:15:00Z
2026-03-08T15:10:32.922077Z,0.33m,2026-03-08T14:45:00Z
2026-03-08T15:42:12.230617Z,0.33m,2026-03-08T15:15:00Z
2026-03-08T16:43:16.937089Z,0.33m,2026-03-08T16:15:00Z
2026-03-08T17:11:45.646494Z,0.33m,2026-03-08T16:45:00Z
2026-03-08T17:43:43.098926Z,0.33m,2026-03-08T17:15:00Z
2026-03-08T18:50:53.987097Z,0.33m,2026-03-08T18:15:00Z
2026-03-08T19:13:30.347775Z,0.33m,2026-03-08T18:45:00Z
2026-03-08T19:40:33.496302Z,0.33m,2026-03-08T19:15:00Z
2026-03-08T20:38:16.883031Z,0.33m,2026-03-08T20:15:00Z
2026-03-08T21:34:45.157069Z,0.33m,2026-03-08T20:45:00Z
2026-03-08T22:00:23.242852Z,0.33m,2026-03-08T21:15:00Z
2026-03-08T22:37:41.234823Z,0.33m,2026-03-08T22:15:00Z
2026-03-08T23:34:57.467897Z,0.33m,2026-03-08T22:45:00Z
2026-03-08T23:52:52.685628Z,0.33m,2026-03-08T23:15:00Z
2026-03-09T01:08:24.639692Z,0.33m,2026-03-09T00:45:00Z
2026-03-09T05:13:36.517549Z,0.33m,2026-03-09T04:45:00Z
2026-03-09T07:31:13.396221Z,0.33m,2026-03-09T06:45:00Z
2026-03-09T10:04:21.919786Z,0.33m,2026-03-09T09:15:00Z
2026-03-09T10:59:30.984388Z,0.33m,2026-03-09T10:15:00Z
2026-03-09T12:28:40.084355Z,0.34m,2026-03-09T11:45:00Z
2026-03-09T13:49:08.870723Z,0.36m,2026-03-09T13:15:00Z
2026-03-09T15:39:01.484336Z,0.34m,2026-03-09T15:00:00Z
2026-03-09T16:38:19.992864Z,0.34m,2026-03-09T16:15:00Z
2026-03-09T18:27:36.095630Z,0.35m,2026-03-09T17:45:00Z
2026-03-09T19:26:24.315639Z,0.35m,2026-03-09T18:45:00Z
2026-03-09T20:49:51.653944Z,0.36m,2026-03-09T20:15:00Z
2026-03-09T22:15:09.042291Z,0.37m,2026-03-09T21:45:00Z
2026-03-09T22:50:14.451765Z,0.37m,2026-03-09T22:15:00Z
2026-03-09T23:14:56.399455Z,0.37m,2026-03-09T22:45:00Z
2026-03-09T23:46:07.572554Z,0.37m,2026-03-09T23:15:00Z
2026-03-10T02:47:58.640503Z,0.36m,2026-03-10T02:15:00Z
2026-03-10T04:24:36.385029Z,0.36m,2026-03-10T03:45:00Z
2026-03-10T05:29:51.011305Z,0.36m,2026-03-10T04:45:00Z
2026-03-10T06:08:11.096871Z,0.35m,2026-03-10T05:45:00Z
2026-03-10T07:07:10.376573Z,0.35m,2026-03-10T06:45:00Z
2026-03-10T07:52:00.963850Z,0.35m,2026-03-10T07:15:00Z
2026-03-10T08:25:22.145032Z,0.35m,2026-03-10T07:45:00Z
2026-03-10T09:24:38.356677Z,0.35m,2026-03-10T08:45:00Z
2026-03-10T10:04:52.579295Z,0.35m,2026-03-10T09:15:00Z
2026-03-10T10:57:21.727342Z,0.35m,2026-03-10T10:15:00Z
2026-03-10T11:45:29.863464Z,0.35m,2026-03-10T11:15:00Z
2026-03-10T12:28:05.097879Z,0.35m,2026-03-10T11:45:00Z
2026-03-10T13:46:19.255595Z,0.36m,2026-03-10T12:45:00Z
2026-03-10T16:42:10.565719Z,0.36m,2026-03-10T16:15:00Z
2026-03-10T17:35:57.630086Z,0.36m,2026-03-10T16:45:00Z
2026-03-10T18:27:23.610004Z,0.37m,2026-03-10T17:45:00Z
2026-03-10T19:25:22.841904Z,0.37m,2026-03-10T18:45:00Z
2026-03-10T19:56:36.016673Z,0.38m,2026-03-10T19:15:00Z
2026-03-10T20:48:23.080106Z,0.40m,2026-03-10T20:15:00Z
2026-03-10T21:17:56.707737Z,0.42m,2026-03-10T20:45:00Z
2026-03-10T21:45:36.725306Z,0.46m,2026-03-10T21:15:00Z
2026-03-10T22:12:50.350860Z,0.52m,2026-03-10T21:45:00Z
2026-03-10T22:49:46.744861Z,0.57m,2026-03-10T22:15:00Z
2026-03-10T23:14:41.912574Z,0.61m,2026-03-10T22:45:00Z
2026-03-10T23:45:55.027573Z,0.63m,2026-03-10T23:15:00Z
2026-03-11T02:47:25.679979Z,0.51m,2026-03-11T02:15:00Z
2026-03-11T04:25:31.741079Z,0.51m,2026-03-11T03:45:00Z
2026-03-11T05:36:12.058130Z,0.53m,2026-03-11T04:45:00Z
2026-03-11T06:29:49.435547Z,0.55m,2026-03-11T05:45:00Z
2026-03-11T08:04:37.689325Z,0.53m,2026-03-11T07:15:00Z
2026-03-11T08:57:20.284669Z,0.53m,2026-03-11T08:15:00Z
2026-03-11T09:58:01.470182Z,0.53m,2026-03-11T08:45:00Z
2026-03-11T10:57:14.839148Z,0.51m,2026-03-11T10:15:00Z
2026-03-11T11:45:39.234729Z,0.50m,2026-03-11T11:15:00Z
2026-03-11T12:27:56.182828Z,0.49m,2026-03-11T11:30:00Z
2026-03-11T14:37:13.260941Z,0.45m,2026-03-11T14:15:00Z
2026-03-11T15:27:45.813142Z,0.44m,2026-03-11T14:45:00Z
2026-03-11T18:31:09.306687Z,0.43m,2026-03-11T17:45:00Z
2026-03-11T19:28:24.675355Z,0.45m,2026-03-11T18:45:00Z
2026-03-11T20:47:46.601517Z,0.53m,2026-03-11T20:15:00Z
2026-03-11T21:18:15.128567Z,0.54m,2026-03-11T20:45:00Z
2026-03-11T22:15:03.561546Z,0.62m,2026-03-11T21:45:00Z
2026-03-11T23:12:46.187453Z,0.71m,2026-03-11T22:45:00Z
2026-03-11T23:44:41.685824Z,0.75m,2026-03-11T23:15:00Z
2026-03-12T05:01:26.633156Z,0.77m,2026-03-12T04:15:00Z
2026-03-12T06:02:50.143531Z,0.74m,2026-03-12T05:15:00Z
2026-03-12T07:10:34.825533Z,0.75m,2026-03-12T06:45:00Z
2026-03-12T07:58:55.130797Z,0.75m,2026-03-12T07:15:00Z
2026-03-12T08:58:29.045878Z,0.89m,2026-03-12T08:15:00Z
2026-03-12T10:56:33.932423Z,0.98m,2026-03-12T10:15:00Z
2026-03-12T11:39:53.837165Z,0.88m,2026-03-12T11:15:00Z
2026-03-12T13:34:36.304403Z,0.82m,2026-03-12T12:45:00Z
2026-03-12T14:29:21.704483Z,0.74m,2026-03-12T13:45:00Z
2026-03-12T15:36:31.630244Z,0.77m,2026-03-12T14:45:00Z
2026-03-12T17:31:42.383849Z,0.73m,2026-03-12T16:45:00Z
2026-03-12T18:28:42.175530Z,0.72m,2026-03-12T17:45:00Z
2026-03-12T19:27:38.469224Z,0.70m,2026-03-12T18:45:00Z
2026-03-12T21:19:36.599915Z,0.65m,2026-03-12T20:45:00Z
2026-03-12T21:51:33.292164Z,0.62m,2026-03-12T21:15:00Z
2026-03-12T22:12:48.948746Z,0.60m,2026-03-12T21:45:00Z
2026-03-12T22:48:02.039315Z,0.57m,2026-03-12T22:15:00Z
2026-03-12T23:14:42.997584Z,0.55m,2026-03-12T22:45:00Z
2026-03-13T00:54:52.247670Z,0.47m,2026-03-13T00:15:00Z
2026-03-13T03:26:23.207445Z,0.41m,2026-03-13T02:45:00Z
2026-03-13T05:03:05.838049Z,0.41m,2026-03-13T03:30:00Z
2026-03-13T06:01:06.452966Z,0.40m,2026-03-13T05:15:00Z
2026-03-13T07:09:36.012417Z,0.40m,2026-03-13T06:45:00Z
2026-03-13T07:54:54.094315Z,0.40m,2026-03-13T07:15:00Z
2026-03-13T08:33:22.457691Z,0.41m,2026-03-13T07:45:00Z
2026-03-13T09:09:40.832713Z,0.41m,2026-03-13T08:45:00Z
2026-03-13T09:56:04.431638Z,0.42m,2026-03-13T09:15:00Z
2026-03-13T10:53:51.206119Z,0.42m,2026-03-13T10:15:00Z
2026-03-13T11:24:47.138196Z,0.42m,2026-03-13T10:45:00Z
2026-03-13T11:51:23.581162Z,0.43m,2026-03-13T11:15:00Z
2026-03-13T12:26:43.126953Z,0.43m,2026-03-13T11:45:00Z
2026-03-13T14:32:44.127221Z,0.45m,2026-03-13T13:45:00Z
2026-03-13T15:25:35.141269Z,0.45m,2026-03-13T14:45:00Z
2026-03-13T16:06:00.158707Z,0.45m,2026-03-13T15:15:00Z
2026-03-13T16:55:51.888789Z,0.45m,2026-03-13T16:15:00Z
2026-03-13T17:50:19.818321Z,0.45m,2026-03-13T17:15:00Z
2026-03-13T18:23:23.541109Z,0.44m,2026-03-13T17:45:00Z
2026-03-13T20:18:09.421494Z,0.42m,2026-03-13T19:45:00Z
2026-03-13T20:56:00.357215Z,0.42m,2026-03-13T20:15:00Z
2026-03-13T22:48:32.340915Z,0.41m,2026-03-13T22:15:00Z
2026-03-13T23:14:56.344988Z,0.40m,2026-03-13T22:45:00Z
2026-03-13T23:46:47.447676Z,0.40m,2026-03-13T23:15:00Z
2026-03-14T03:22:02.796674Z,0.39m,2026-03-14T02:45:00Z
2026-03-14T04:54:59.020090Z,0.38m,2026-03-14T04:15:00Z
2026-03-14T05:41:09.632748Z,0.37m,2026-03-14T05:15:00Z
2026-03-14T06:30:06.313823Z,0.37m,2026-03-14T05:45:00Z
2026-03-14T07:52:23.913394Z,0.37m,2026-03-14T07:15:00Z
2026-03-14T08:21:00.702038Z,0.37m,2026-03-14T07:45:00Z
2026-03-14T08:54:49.596928Z,0.37m,2026-03-14T08:15:00Z
2026-03-14T10:43:53.750762Z,0.37m,2026-03-14T10:15:00Z
2026-03-14T11:12:13.405526Z,0.37m,2026-03-14T10:45:00Z
2026-03-14T13:13:29.897909Z,0.37m,2026-03-14T12:45:00Z
2026-03-14T13:57:08.154712Z,0.37m,2026-03-14T13:15:00Z
2026-03-14T15:46:08.308812Z,0.39m,2026-03-14T15:15:00Z
2026-03-14T16:15:21.186059Z,0.40m,2026-03-14T15:45:00Z
2026-03-14T17:15:10.614918Z,0.41m,2026-03-14T16:45:00Z
2026-03-14T18:18:17.913273Z,0.43m,2026-03-14T17:45:00Z
2026-03-14T18:59:16.892214Z,0.43m,2026-03-14T18:15:00Z
2026-03-14T19:37:11.325189Z,0.41m,2026-03-14T19:15:00Z
2026-03-14T20:48:09.996324Z,0.40m,2026-03-14T20:15:00Z
2026-03-14T21:14:52.691148Z,0.39m,2026-03-14T20:45:00Z
2026-03-14T21:45:28.525762Z,0.39m,2026-03-14T21:15:00Z
2026-03-14T22:40:49.473542Z,0.39m,2026-03-14T22:15:00Z
2026-03-14T23:14:43.645863Z,0.39m,2026-03-14T22:45:00Z
2026-03-14T23:45:48.597428Z,0.38m,2026-03-14T23:15:00Z
2026-03-15T05:42:01.339630Z,0.39m,2026-03-15T05:15:00Z
2026-03-15T06:40:13.749019Z,0.40m,2026-03-15T06:15:00Z
2026-03-15T07:32:41.240346Z,0.43m,2026-03-15T06:45:00Z
2026-03-15T08:51:43.509716Z,0.49m,2026-03-15T08:15:00Z
2026-03-15T09:20:59.792989Z,0.49m,2026-03-15T08:45:00Z
2026-03-15T09:53:21.405548Z,0.50m,2026-03-15T09:15:00Z
2026-03-15T10:19:40.956288Z,0.51m,2026-03-15T09:45:00Z
2026-03-15T10:52:50.093591Z,0.52m,2026-03-15T10:15:00Z
2026-03-15T11:44:05.754707Z,0.56m,2026-03-15T11:15:00Z
2026-03-15T13:14:54.150968Z,0.56m,2026-03-15T12:45:00Z
2026-03-15T14:47:05.251520Z,0.55m,2026-03-15T14:15:00Z
2026-03-15T15:16:00.997203Z,0.53m,2026-03-15T14:45:00Z
2026-03-15T16:15:07.167752Z,0.52m,2026-03-15T15:45:00Z
2026-03-15T16:52:17.869278Z,0.52m,2026-03-15T16:15:00Z
2026-03-15T17:17:22.081622Z,0.51m,2026-03-15T16:45:00Z
2026-03-15T18:18:40.730222Z,0.50m,2026-03-15T17:45:00Z
2026-03-15T19:37:56.786797Z,0.47m,2026-03-15T19:15:00Z
2026-03-15T20:22:49.959867Z,0.46m,2026-03-15T19:45:00Z
2026-03-15T22:12:42.305882Z,0.43m,2026-03-15T21:45:00Z
2026-03-15T22:50:24.132748Z,0.43m,2026-03-15T22:15:00Z
2026-03-15T23:16:23.752185Z,0.42m,2026-03-15T22:45:00Z
2026-03-16T01:03:32.476349Z,0.41m,2026-03-16T00:15:00Z
2026-03-16T04:09:32.034350Z,0.40m,2026-03-16T03:15:00Z
2026-03-16T07:45:46.464439Z,0.39m,2026-03-16T07:15:00Z
2026-03-16T08:41:31.597198Z,0.39m,2026-03-16T08:15:00Z
2026-03-16T09:50:44.686965Z,0.39m,2026-03-16T09:15:00Z
2026-03-16T10:40:39.303456Z,0.39m,2026-03-16T10:15:00Z
2026-03-16T11:36:18.368787Z,0.39m,2026-03-16T10:45:00Z
2026-03-16T13:52:06.665640Z,0.41m,2026-03-16T13:15:00Z
2026-03-16T15:53:05.392557Z,0.43m,2026-03-16T15:15:00Z
2026-03-16T18:41:46.589578Z,0.68m,2026-03-16T18:15:00Z
2026-03-16T19:44:14.107766Z,0.66m,2026-03-16T19:15:00Z
2026-03-16T20:24:04.348086Z,0.65m,2026-03-16T19:45:00Z
2026-03-16T21:03:17.271185Z,0.64m,2026-03-16T20:15:00Z
2026-03-16T22:19:57.318519Z,0.64m,2026-03-16T21:45:00Z
2026-03-16T22:53:40.598880Z,0.63m,2026-03-16T22:15:00Z
2026-03-16T23:22:46.253351Z,0.63m,2026-03-16T22:45:00Z
2026-03-16T23:48:17.601478Z,0.62m,2026-03-16T23:15:00Z
2026-03-17T03:41:40.144706Z,0.62m,2026-03-17T03:15:00Z
2026-03-17T05:14:54.853587Z,0.61m,2026-03-17T04:45:00Z
2026-03-17T06:16:26.416272Z,0.60m,2026-03-17T05:45:00Z
2026-03-17T09:34:33.571844Z,0.58m,2026-03-17T08:45:00Z
2026-03-17T11:27:17.845987Z,0.55m,2026-03-17T10:45:00Z
2026-03-18T13:51:43.408047Z,0.37m,2026-03-18T11:45:00Z
2026-03-18T14:54:26.317795Z,0.36m,2026-03-18T14:15:00Z
2026-03-18T17:15:19.726195Z,0.36m,2026-03-18T16:45:00Z
2026-03-18T18:13:14.995229Z,0.36m,2026-03-18T17:45:00Z
2026-03-18T20:03:35.192812Z,0.36m,2026-03-18T19:15:00Z
2026-03-18T20:53:22.576776Z,0.36m,2026-03-18T20:30:00Z
2026-03-18T22:01:53.147169Z,0.36m,2026-03-18T21:15:00Z
2026-03-18T22:46:25.564114Z,0.35m,2026-03-18T22:15:00Z
2026-03-18T23:18:03.810513Z,0.35m,2026-03-18T22:45:00Z
2026-03-19T00:59:26.105915Z,0.35m,2026-03-19T00:15:00Z
2026-03-19T06:14:03.458882Z,0.35m,2026-03-19T05:45:00Z
2026-03-19T07:28:50.570231Z,0.35m,2026-03-19T06:45:00Z
2026-03-19T08:05:57.571154Z,0.34m,2026-03-19T07:15:00Z
2026-03-19T08:59:20.385531Z,0.34m,2026-03-19T08:15:00Z
2026-03-19T09:58:50.279789Z,0.34m,2026-03-19T09:15:00Z
2026-03-19T10:58:27.315113Z,0.34m,2026-03-19T09:45:00Z
2026-03-19T11:48:06.948090Z,0.34m,2026-03-19T11:15:00Z
2026-03-19T12:30:19.224725Z,0.34m,2026-03-19T11:45:00Z
2026-03-19T13:52:27.430621Z,0.34m,2026-03-19T13:15:00Z
2026-03-19T15:35:59.809298Z,0.34m,2026-03-19T14:45:00Z
2026-03-19T16:36:58.708356Z,0.34m,2026-03-19T15:45:00Z
2026-03-19T17:38:14.696733Z,0.34m,2026-03-19T17:15:00Z
2026-03-19T18:31:33.676897Z,0.33m,2026-03-19T17:45:00Z
2026-03-19T19:31:09.295041Z,0.34m,2026-03-19T18:45:00Z
2026-03-19T20:04:02.250513Z,0.34m,2026-03-19T19:15:00Z
2026-03-19T21:25:46.155273Z,0.33m,2026-03-19T20:45:00Z
2026-03-19T23:16:53.703295Z,0.33m,2026-03-19T22:45:00Z
2026-03-19T23:48:29.970957Z,0.33m,2026-03-19T23:15:00Z
2026-03-20T06:03:52.123660Z,0.33m,2026-03-20T05:15:00Z
2026-03-20T07:10:29.702150Z,0.33m,2026-03-20T06:45:00Z
2026-03-20T07:58:27.305560Z,0.33m,2026-03-20T07:15:00Z
2026-03-20T08:56:52.807496Z,0.33m,2026-03-20T08:15:00Z
2026-03-20T09:56:14.041071Z,0.34m,2026-03-20T09:15:00Z
2026-03-20T10:54:14.775464Z,0.33m,2026-03-20T10:15:00Z
2026-03-20T11:25:53.211892Z,0.33m,2026-03-20T10:45:00Z
2026-03-20T11:57:21.114779Z,0.33m,2026-03-20T11:15:00Z
2026-03-20T14:09:29.457311Z,0.33m,2026-03-20T13:45:00Z
2026-03-20T15:01:06.919080Z,0.33m,2026-03-20T14:15:00Z
2026-03-20T15:55:28.678336Z,0.33m,2026-03-20T15:15:00Z
2026-03-20T17:51:02.450876Z,0.34m,2026-03-20T17:15:00Z
2026-03-20T18:28:33.670282Z,0.34m,2026-03-20T17:45:00Z
2026-03-20T19:23:51.036621Z,0.34m,2026-03-20T18:45:00Z
2026-03-20T19:52:54.657246Z,0.34m,2026-03-20T19:15:00Z
2026-03-20T20:20:22.357837Z,0.34m,2026-03-20T19:45:00Z
2026-03-20T20:53:06.955582Z,0.34m,2026-03-20T20:15:00Z
2026-03-20T21:21:19.300132Z,0.34m,2026-03-20T20:45:00Z
2026-03-20T21:49:31.577540Z,0.34m,2026-03-20T21:15:00Z
2026-03-20T22:13:35.827159Z,0.34m,2026-03-20T21:45:00Z
2026-03-20T22:50:46.750277Z,0.34m,2026-03-20T22:15:00Z
2026-03-21T00:52:41.241096Z,0.34m,2026-03-21T00:15:00Z
2026-03-21T04:49:57.481391Z,0.33m,2026-03-21T04:15:00Z
2026-03-21T05:32:44.404291Z,0.33m,2026-03-21T04:45:00Z
2026-03-21T06:05:18.718316Z,0.33m,2026-03-21T05:15:00Z
2026-03-21T07:00:19.791372Z,0.32m,2026-03-21T06:15:00Z
2026-03-21T07:42:30.856739Z,0.32m,2026-03-21T07:15:00Z
2026-03-21T08:52:53.170126Z,0.32m,2026-03-21T08:15:00Z
2026-03-21T09:21:30.162263Z,0.33m,2026-03-21T08:45:00Z
2026-03-21T09:49:56.291374Z,0.32m,2026-03-21T09:15:00Z
2026-03-21T10:48:58.905399Z,0.32m,2026-03-21T10:15:00Z
2026-03-21T11:11:29.715497Z,0.32m,2026-03-21T10:45:00Z
2026-03-21T13:10:51.066663Z,0.32m,2026-03-21T12:45:00Z
2026-03-21T13:54:42.452693Z,0.33m,2026-03-21T13:15:00Z
2026-03-21T14:21:22.365069Z,0.32m,2026-03-21T13:45:00Z
2026-03-21T15:12:51.923625Z,0.32m,2026-03-21T14:45:00Z
2026-03-21T15:44:16.719185Z,0.32m,2026-03-21T15:15:00Z
2026-03-21T16:13:19.227990Z,0.32m,2026-03-21T15:45:00Z
2026-03-21T16:50:08.010557Z,0.32m,2026-03-21T16:15:00Z
2026-03-21T17:14:00.260229Z,0.32m,2026-03-21T16:45:00Z
2026-03-21T18:17:17.713999Z,0.32m,2026-03-21T17:45:00Z
2026-03-21T18:56:33.993869Z,0.33m,2026-03-21T18:15:00Z
2026-03-21T19:34:28.796194Z,0.34m,2026-03-21T18:45:00Z
2026-03-21T19:51:05.868984Z,0.34m,2026-03-21T19:15:00Z
2026-03-21T20:39:22.843856Z,0.33m,2026-03-21T20:15:00Z
2026-03-21T21:53:30.949970Z,0.33m,2026-03-21T21:15:00Z
2026-03-21T22:15:06.948438Z,0.33m,2026-03-21T21:45:00Z
2026-03-21T22:46:01.550675Z,0.33m,2026-03-21T22:15:00Z
2026-03-21T23:12:25.244994Z,0.33m,2026-03-21T22:45:00Z
2026-03-21T23:43:02.175438Z,0.33m,2026-03-21T23:15:00Z
2026-03-22T03:18:44.940787Z,0.32m,2026-03-22T02:45:00Z
2026-03-22T05:03:44.967291Z,0.33m,2026-03-22T04:15:00Z
2026-03-22T06:03:36.975501Z,0.33m,2026-03-22T05:15:00Z
2026-03-22T07:46:51.679198Z,0.32m,2026-03-22T07:15:00Z
2026-03-22T08:17:53.224412Z,0.32m,2026-03-22T07:45:00Z
2026-03-22T08:54:14.225835Z,0.33m,2026-03-22T08:15:00Z
2026-03-22T09:25:21.016781Z,0.33m,2026-03-22T08:30:00Z
2026-03-22T09:57:58.809617Z,0.34m,2026-03-22T09:15:00Z
2026-03-22T10:44:48.072487Z,0.33m,2026-03-22T10:15:00Z
2026-03-22T11:12:23.520498Z,0.33m,2026-03-22T10:30:00Z
2026-03-22T11:41:51.621154Z,0.33m,2026-03-22T11:15:00Z
2026-03-22T13:12:50.480155Z,0.33m,2026-03-22T12:45:00Z
2026-03-22T13:56:02.533186Z,0.33m,2026-03-22T13:15:00Z
2026-03-22T14:41:50.452278Z,0.33m,2026-03-22T14:15:00Z
2026-03-22T15:13:17.933810Z,0.33m,2026-03-22T14:45:00Z
